<?xml version="1.0" encoding="utf-8" ?><dwsync><file name="jquery.dataTables.api.fnFilterOnReturn.js" server="www.888pokerstars.com//admin.888pokerstars.com/" local="3440099814" remote="7765606996" Dst="-1" /><file name="jquery.dataTables.api.fnGetColumnData.js" server="www.888pokerstars.com//admin.888pokerstars.com/" local="3440099814" remote="-4611698556261252524" Dst="-1" /><file name="jquery.dataTables.api.fnReloadAjax.js" server="www.888pokerstars.com//admin.888pokerstars.com/" local="3440099810" remote="-4611698556261252524" Dst="-1" /><file name="jquery.dataTables.api.fnSetFilteringDelay.js" server="www.888pokerstars.com//admin.888pokerstars.com/" local="3440099810" remote="-4611698556261252524" Dst="-1" /><file name="jquery.dataTables.bootstrap.js" server="www.888pokerstars.com//admin.888pokerstars.com/" local="3440099810" remote="-4611698556261252524" Dst="-1" /><file name="jquery.dataTables.sorting.numbersHtml.js" server="www.888pokerstars.com//admin.888pokerstars.com/" local="3440099810" remote="-4611698556261252524" Dst="-1" /><file name="jquery.dataTables.typeDetection.numbersHtml.js" server="www.888pokerstars.com//admin.888pokerstars.com/" local="3440099814" remote="7765606996" Dst="-1" /><file name="jquery.dataTables.js" server="www.888pokerstars.com//admin.888pokerstars.com/" local="3440099814" remote="7765606996" Dst="-1" /><file name="jquery.dataTables.api.fnFilterOnReturn.js" server="www.888bitcoinpoker.com//my/" local="3440099814" remote="7767993736" Dst="-1" /><file name="jquery.dataTables.api.fnGetColumnData.js" server="www.888bitcoinpoker.com//my/" local="3440099814" remote="-4611699243453633144" Dst="-1" /><file name="jquery.dataTables.api.fnReloadAjax.js" server="www.888bitcoinpoker.com//my/" local="3440099810" remote="-4611699243453633144" Dst="-1" /><file name="jquery.dataTables.api.fnSetFilteringDelay.js" server="www.888bitcoinpoker.com//my/" local="3440099810" remote="-4611699243453633144" Dst="-1" /><file name="jquery.dataTables.bootstrap.js" server="www.888bitcoinpoker.com//my/" local="3440099810" remote="-4611699243453633144" Dst="-1" /><file name="jquery.dataTables.sorting.numbersHtml.js" server="www.888bitcoinpoker.com//my/" local="3440099810" remote="-4611699243453633144" Dst="-1" /><file name="jquery.dataTables.typeDetection.numbersHtml.js" server="www.888bitcoinpoker.com//my/" local="3440099814" remote="-4611699243453633144" Dst="-1" /><file name="jquery.dataTables.js" server="www.888bitcoinpoker.com//my/" local="3440099814" remote="7767993736" Dst="-1" /><file name="jquery.dataTables.api.fnReloadAjax.js" server="www.virtualyard.net/httpdocs/" local="3440099810" remote="7777700536" Dst="-1" /><file name="jquery.dataTables.api.fnGetColumnData.js" server="www.virtualyard.net/httpdocs/" local="3440099814" remote="-4611698556249158984" Dst="-1" /><file name="jquery.dataTables.api.fnFilterOnReturn.js" server="www.virtualyard.net/httpdocs/" local="3440099814" remote="-4611698556249158984" Dst="-1" /><file name="jquery.dataTables.api.fnSetFilteringDelay.js" server="www.virtualyard.net/httpdocs/" local="3440099810" remote="-4611698556249158984" Dst="-1" /><file name="jquery.dataTables.bootstrap.js" server="www.virtualyard.net/httpdocs/" local="3440099810" remote="-4611698556249158984" Dst="-1" /><file name="jquery.dataTables.typeDetection.numbersHtml.js" server="www.virtualyard.net/httpdocs/" local="3440099814" remote="-4611698556249158984" Dst="-1" /><file name="jquery.dataTables.sorting.numbersHtml.js" server="www.virtualyard.net/httpdocs/" local="3440099810" remote="-4611698556249158984" Dst="-1" /><file name="jquery.dataTables.js" server="www.virtualyard.net/httpdocs/" local="3440099814" remote="7777700536" Dst="-1" /><file name="jquery.dataTables.api.fnFilterOnReturn.js" server="www.virtualyard.net/play/" local="3440099814" remote="7777703116" Dst="-1" /><file name="jquery.dataTables.api.fnGetColumnData.js" server="www.virtualyard.net/play/" local="3440099814" remote="-4611698556249156404" Dst="-1" /><file name="jquery.dataTables.api.fnReloadAjax.js" server="www.virtualyard.net/play/" local="3440099810" remote="-4611698556249156404" Dst="-1" /><file name="jquery.dataTables.api.fnSetFilteringDelay.js" server="www.virtualyard.net/play/" local="3440099810" remote="-4611698556249156404" Dst="-1" /><file name="jquery.dataTables.bootstrap.js" server="www.virtualyard.net/play/" local="3440099810" remote="-4611698556249156404" Dst="-1" /><file name="jquery.dataTables.sorting.numbersHtml.js" server="www.virtualyard.net/play/" local="3440099810" remote="-4611698556249156404" Dst="-1" /><file name="jquery.dataTables.typeDetection.numbersHtml.js" server="www.virtualyard.net/play/" local="3440099814" remote="-4611698556249156404" Dst="-1" /><file name="jquery.dataTables.js" server="www.virtualyard.net/play/" local="3440099814" remote="-4611698556249156404" Dst="-1" /><file name="jquery.dataTables.api.fnFilterOnReturn.js" server="5.10.120.132//var/www/html/" local="3440099814" remote="7786916476" Dst="-1" /><file name="jquery.dataTables.api.fnGetColumnData.js" server="5.10.120.132//var/www/html/" local="3440099814" remote="-4611698556239943044" Dst="-1" /><file name="jquery.dataTables.api.fnReloadAjax.js" server="5.10.120.132//var/www/html/" local="3440099810" remote="-4611698556239943044" Dst="-1" /><file name="jquery.dataTables.api.fnSetFilteringDelay.js" server="5.10.120.132//var/www/html/" local="3440099810" remote="-4611698556239943044" Dst="-1" /><file name="jquery.dataTables.bootstrap.js" server="5.10.120.132//var/www/html/" local="3440099810" remote="-4611698556239943044" Dst="-1" /><file name="jquery.dataTables.sorting.numbersHtml.js" server="5.10.120.132//var/www/html/" local="3440099810" remote="-4611698556239943044" Dst="-1" /><file name="jquery.dataTables.typeDetection.numbersHtml.js" server="5.10.120.132//var/www/html/" local="3440099814" remote="-4611698556239943044" Dst="-1" /><file name="jquery.dataTables.js" server="5.10.120.132//var/www/html/" local="3440099814" remote="7786916536" Dst="-1" /><file name="jquery.dataTables.api.fnFilterOnReturn.js" server="67.205.74.233" local="3440099814" remote="7789867336" Dst="-1" /><file name="jquery.dataTables.api.fnGetColumnData.js" server="67.205.74.233" local="3440099814" remote="-4611698831114899128" Dst="-1" /><file name="jquery.dataTables.api.fnReloadAjax.js" server="67.205.74.233" local="3440099810" remote="-4611698831114899128" Dst="-1" /><file name="jquery.dataTables.api.fnSetFilteringDelay.js" server="67.205.74.233" local="3440099810" remote="-4611698831114899128" Dst="-1" /><file name="jquery.dataTables.bootstrap.js" server="67.205.74.233" local="3440099810" remote="-4611698831114899128" Dst="-1" /><file name="jquery.dataTables.sorting.numbersHtml.js" server="67.205.74.233" local="3440099810" remote="-4611698831114899128" Dst="-1" /><file name="jquery.dataTables.typeDetection.numbersHtml.js" server="67.205.74.233" local="3440099814" remote="-4611698831114899128" Dst="-1" /><file name="jquery.dataTables.js" server="67.205.74.233" local="3440099814" remote="7789867336" Dst="-1" /><file name="jquery.dataTables.api.fnFilterOnReturn.js" server="104.239.143.84//var/www/enginepoker.com/" local="3440099814" remote="3546898681" Dst="-1" /><file name="jquery.dataTables.api.fnGetColumnData.js" server="104.239.143.84//var/www/enginepoker.com/" local="3440099814" remote="3546898682" Dst="-1" /><file name="jquery.dataTables.api.fnReloadAjax.js" server="104.239.143.84//var/www/enginepoker.com/" local="3440099810" remote="3546898683" Dst="-1" /><file name="jquery.dataTables.api.fnSetFilteringDelay.js" server="104.239.143.84//var/www/enginepoker.com/" local="3440099810" remote="3546898684" Dst="-1" /><file name="jquery.dataTables.bootstrap.js" server="104.239.143.84//var/www/enginepoker.com/" local="3440099810" remote="3546898685" Dst="-1" /><file name="jquery.dataTables.js" server="104.239.143.84//var/www/enginepoker.com/" local="3440099814" remote="3546898689" Dst="-1" /><file name="jquery.dataTables.sorting.numbersHtml.js" server="104.239.143.84//var/www/enginepoker.com/" local="3440099810" remote="3546898701" Dst="-1" /><file name="jquery.dataTables.typeDetection.numbersHtml.js" server="104.239.143.84//var/www/enginepoker.com/" local="3440099814" remote="3546898702" Dst="-1" /></dwsync>