<?xml version="1.0" encoding="utf-8" ?><dwsync><file name="bootstrap_image_gallery.js" server="www.888pokerstars.com//admin.888pokerstars.com/" local="3440099814" remote="7765606996" Dst="-1" /><file name="load_image.js" server="www.888pokerstars.com//admin.888pokerstars.com/" local="3440099814" remote="-4611698556261252524" Dst="-1" /><file name="bootstrap_image_gallery.js" server="www.888bitcoinpoker.com//my/" local="3440099814" remote="7767993736" Dst="-1" /><file name="load_image.js" server="www.888bitcoinpoker.com//my/" local="3440099814" remote="-4611699243453633144" Dst="-1" /><file name="bootstrap_image_gallery.js" server="www.virtualyard.net/httpdocs/" local="3440099814" remote="7777700536" Dst="-1" /><file name="load_image.js" server="www.virtualyard.net/httpdocs/" local="3440099814" remote="-4611698556249158984" Dst="-1" /><file name="bootstrap_image_gallery.js" server="www.virtualyard.net/play/" local="3440099814" remote="7777703116" Dst="-1" /><file name="load_image.js" server="www.virtualyard.net/play/" local="3440099814" remote="-4611698556249156404" Dst="-1" /><file name="bootstrap_image_gallery.js" server="5.10.120.132//var/www/html/" local="3440099814" remote="7786916416" Dst="-1" /><file name="load_image.js" server="5.10.120.132//var/www/html/" local="3440099814" remote="7786916476" Dst="-1" /><file name="bootstrap_image_gallery.js" server="67.205.74.233" local="3440099814" remote="7789867276" Dst="-1" /><file name="load_image.js" server="67.205.74.233" local="3440099814" remote="7789867276" Dst="-1" /><file name="bootstrap_image_gallery.js" server="104.239.143.84//var/www/enginepoker.com/" local="3440099814" remote="3546898651" Dst="-1" /><file name="load_image.js" server="104.239.143.84//var/www/enginepoker.com/" local="3440099814" remote="3546898652" Dst="-1" /></dwsync>