<?xml version="1.0" encoding="utf-8" ?><dwsync><file name="bootstrap-affix.js" server="www.888pokerstars.com//admin.888pokerstars.com/" local="3440099814" remote="7765606996" Dst="-1" /><file name="bootstrap-alert.js" server="www.888pokerstars.com//admin.888pokerstars.com/" local="3440099814" remote="-4611698556261252524" Dst="-1" /><file name="bootstrap-button.js" server="www.888pokerstars.com//admin.888pokerstars.com/" local="3440099814" remote="7765606996" Dst="-1" /><file name="bootstrap-carousel.js" server="www.888pokerstars.com//admin.888pokerstars.com/" local="3440099814" remote="-4611698556261252524" Dst="-1" /><file name="bootstrap-collapse.js" server="www.888pokerstars.com//admin.888pokerstars.com/" local="3440099814" remote="-4611698556261252524" Dst="-1" /><file name="bootstrap-dropdown.js" server="www.888pokerstars.com//admin.888pokerstars.com/" local="3440099814" remote="-4611698556261252524" Dst="-1" /><file name="bootstrap-modal.js" server="www.888pokerstars.com//admin.888pokerstars.com/" local="3440099814" remote="-4611698556261252524" Dst="-1" /><file name="bootstrap-popover.js" server="www.888pokerstars.com//admin.888pokerstars.com/" local="3440099814" remote="-4611698556261252524" Dst="-1" /><file name="bootstrap-scrollspy.js" server="www.888pokerstars.com//admin.888pokerstars.com/" local="3440099814" remote="-4611698556261252524" Dst="-1" /><file name="bootstrap-tab.js" server="www.888pokerstars.com//admin.888pokerstars.com/" local="3440099814" remote="-4611698556261252524" Dst="-1" /><file name="bootstrap-tooltip.js" server="www.888pokerstars.com//admin.888pokerstars.com/" local="3440099814" remote="-4611698556261252524" Dst="-1" /><file name="bootstrap-transition.js" server="www.888pokerstars.com//admin.888pokerstars.com/" local="3440099814" remote="-4611698556261252524" Dst="-1" /><file name="bootstrap-typeahead.js" server="www.888pokerstars.com//admin.888pokerstars.com/" local="3440099814" remote="-4611698556261252524" Dst="-1" /><file name="bootstrap.js" server="www.888pokerstars.com//admin.888pokerstars.com/" local="3440099814" remote="-4611698556261252524" Dst="-1" /><file name="bootstrap-affix.js" server="www.888bitcoinpoker.com//my/" local="3440099814" remote="7767993736" Dst="-1" /><file name="bootstrap-alert.js" server="www.888bitcoinpoker.com//my/" local="3440099814" remote="-4611699243453633144" Dst="-1" /><file name="bootstrap-button.js" server="www.888bitcoinpoker.com//my/" local="3440099814" remote="-4611699243453633144" Dst="-1" /><file name="bootstrap-carousel.js" server="www.888bitcoinpoker.com//my/" local="3440099814" remote="-4611699243453633144" Dst="-1" /><file name="bootstrap-collapse.js" server="www.888bitcoinpoker.com//my/" local="3440099814" remote="-4611699243453633144" Dst="-1" /><file name="bootstrap-dropdown.js" server="www.888bitcoinpoker.com//my/" local="3440099814" remote="-4611699243453633144" Dst="-1" /><file name="bootstrap-modal.js" server="www.888bitcoinpoker.com//my/" local="3440099814" remote="-4611699243453633144" Dst="-1" /><file name="bootstrap-popover.js" server="www.888bitcoinpoker.com//my/" local="3440099814" remote="-4611699243453633144" Dst="-1" /><file name="bootstrap-scrollspy.js" server="www.888bitcoinpoker.com//my/" local="3440099814" remote="-4611699243453633144" Dst="-1" /><file name="bootstrap-tab.js" server="www.888bitcoinpoker.com//my/" local="3440099814" remote="-4611699243453633144" Dst="-1" /><file name="bootstrap-tooltip.js" server="www.888bitcoinpoker.com//my/" local="3440099814" remote="-4611699243453633144" Dst="-1" /><file name="bootstrap-transition.js" server="www.888bitcoinpoker.com//my/" local="3440099814" remote="-4611699243453633144" Dst="-1" /><file name="bootstrap-typeahead.js" server="www.888bitcoinpoker.com//my/" local="3440099814" remote="-4611699243453633144" Dst="-1" /><file name="bootstrap.js" server="www.888bitcoinpoker.com//my/" local="3440099814" remote="-4611699243453633144" Dst="-1" /><file name="bootstrap-affix.js" server="www.virtualyard.net/httpdocs/" local="3440099814" remote="7777700536" Dst="-1" /><file name="bootstrap-alert.js" server="www.virtualyard.net/httpdocs/" local="3440099814" remote="-4611698556249158984" Dst="-1" /><file name="bootstrap-button.js" server="www.virtualyard.net/httpdocs/" local="3440099814" remote="-4611698556249158984" Dst="-1" /><file name="bootstrap-carousel.js" server="www.virtualyard.net/httpdocs/" local="3440099814" remote="-4611698556249158984" Dst="-1" /><file name="bootstrap-dropdown.js" server="www.virtualyard.net/httpdocs/" local="3440099814" remote="-4611698556249158984" Dst="-1" /><file name="bootstrap-collapse.js" server="www.virtualyard.net/httpdocs/" local="3440099814" remote="-4611698556249158984" Dst="-1" /><file name="bootstrap-modal.js" server="www.virtualyard.net/httpdocs/" local="3440099814" remote="-4611698556249158984" Dst="-1" /><file name="bootstrap-popover.js" server="www.virtualyard.net/httpdocs/" local="3440099814" remote="-4611698556249158984" Dst="-1" /><file name="bootstrap-scrollspy.js" server="www.virtualyard.net/httpdocs/" local="3440099814" remote="7777700536" Dst="-1" /><file name="bootstrap-tab.js" server="www.virtualyard.net/httpdocs/" local="3440099814" remote="-4611698556249158984" Dst="-1" /><file name="bootstrap-tooltip.js" server="www.virtualyard.net/httpdocs/" local="3440099814" remote="-4611698556249158984" Dst="-1" /><file name="bootstrap-transition.js" server="www.virtualyard.net/httpdocs/" local="3440099814" remote="-4611698556249158984" Dst="-1" /><file name="bootstrap-typeahead.js" server="www.virtualyard.net/httpdocs/" local="3440099814" remote="-4611698556249158984" Dst="-1" /><file name="bootstrap.js" server="www.virtualyard.net/httpdocs/" local="3440099814" remote="-4611698556249158984" Dst="-1" /><file name="bootstrap-affix.js" server="www.virtualyard.net/play/" local="3440099814" remote="7777703116" Dst="-1" /><file name="bootstrap-alert.js" server="www.virtualyard.net/play/" local="3440099814" remote="-4611698556249156404" Dst="-1" /><file name="bootstrap-button.js" server="www.virtualyard.net/play/" local="3440099814" remote="-4611698556249156404" Dst="-1" /><file name="bootstrap-carousel.js" server="www.virtualyard.net/play/" local="3440099814" remote="-4611698556249156404" Dst="-1" /><file name="bootstrap-collapse.js" server="www.virtualyard.net/play/" local="3440099814" remote="-4611698556249156404" Dst="-1" /><file name="bootstrap-dropdown.js" server="www.virtualyard.net/play/" local="3440099814" remote="-4611698556249156404" Dst="-1" /><file name="bootstrap-modal.js" server="www.virtualyard.net/play/" local="3440099814" remote="-4611698556249156404" Dst="-1" /><file name="bootstrap-popover.js" server="www.virtualyard.net/play/" local="3440099814" remote="-4611698556249156404" Dst="-1" /><file name="bootstrap-scrollspy.js" server="www.virtualyard.net/play/" local="3440099814" remote="-4611698556249156404" Dst="-1" /><file name="bootstrap-tab.js" server="www.virtualyard.net/play/" local="3440099814" remote="7777703116" Dst="-1" /><file name="bootstrap-tooltip.js" server="www.virtualyard.net/play/" local="3440099814" remote="-4611698556249156404" Dst="-1" /><file name="bootstrap-transition.js" server="www.virtualyard.net/play/" local="3440099814" remote="-4611698556249156404" Dst="-1" /><file name="bootstrap-typeahead.js" server="www.virtualyard.net/play/" local="3440099814" remote="-4611698556249156404" Dst="-1" /><file name="bootstrap.js" server="www.virtualyard.net/play/" local="3440099814" remote="-4611698556249156404" Dst="-1" /><file name="bootstrap-affix.js" server="5.10.120.132//var/www/html/" local="3440099814" remote="7786916416" Dst="-1" /><file name="bootstrap-alert.js" server="5.10.120.132//var/www/html/" local="3440099814" remote="-4611698556239943104" Dst="-1" /><file name="bootstrap-button.js" server="5.10.120.132//var/www/html/" local="3440099814" remote="-4611698556239943104" Dst="-1" /><file name="bootstrap-carousel.js" server="5.10.120.132//var/www/html/" local="3440099814" remote="7786916416" Dst="-1" /><file name="bootstrap-collapse.js" server="5.10.120.132//var/www/html/" local="3440099814" remote="-4611698556239943104" Dst="-1" /><file name="bootstrap-dropdown.js" server="5.10.120.132//var/www/html/" local="3440099814" remote="-4611698556239943104" Dst="-1" /><file name="bootstrap-modal.js" server="5.10.120.132//var/www/html/" local="3440099814" remote="-4611698556239943104" Dst="-1" /><file name="bootstrap-popover.js" server="5.10.120.132//var/www/html/" local="3440099814" remote="-4611698556239943104" Dst="-1" /><file name="bootstrap-scrollspy.js" server="5.10.120.132//var/www/html/" local="3440099814" remote="-4611698556239943104" Dst="-1" /><file name="bootstrap-tab.js" server="5.10.120.132//var/www/html/" local="3440099814" remote="-4611698556239943104" Dst="-1" /><file name="bootstrap-tooltip.js" server="5.10.120.132//var/www/html/" local="3440099814" remote="-4611698556239943104" Dst="-1" /><file name="bootstrap-transition.js" server="5.10.120.132//var/www/html/" local="3440099814" remote="-4611698556239943104" Dst="-1" /><file name="bootstrap-typeahead.js" server="5.10.120.132//var/www/html/" local="3440099814" remote="-4611698556239943104" Dst="-1" /><file name="bootstrap.js" server="5.10.120.132//var/www/html/" local="3440099814" remote="7786916416" Dst="-1" /><file name="bootstrap-affix.js" server="67.205.74.233" local="3440099814" remote="7789867276" Dst="-1" /><file name="bootstrap-alert.js" server="67.205.74.233" local="3440099814" remote="-4611698831114899188" Dst="-1" /><file name="bootstrap-button.js" server="67.205.74.233" local="3440099814" remote="-4611698831114899188" Dst="-1" /><file name="bootstrap-carousel.js" server="67.205.74.233" local="3440099814" remote="-4611698831114899188" Dst="-1" /><file name="bootstrap-collapse.js" server="67.205.74.233" local="3440099814" remote="-4611698831114899188" Dst="-1" /><file name="bootstrap-dropdown.js" server="67.205.74.233" local="3440099814" remote="-4611698831114899188" Dst="-1" /><file name="bootstrap-modal.js" server="67.205.74.233" local="3440099814" remote="-4611698831114899188" Dst="-1" /><file name="bootstrap-popover.js" server="67.205.74.233" local="3440099814" remote="-4611698831114899188" Dst="-1" /><file name="bootstrap-scrollspy.js" server="67.205.74.233" local="3440099814" remote="-4611698831114899188" Dst="-1" /><file name="bootstrap-tab.js" server="67.205.74.233" local="3440099814" remote="-4611698831114899188" Dst="-1" /><file name="bootstrap-tooltip.js" server="67.205.74.233" local="3440099814" remote="-4611698831114899188" Dst="-1" /><file name="bootstrap-transition.js" server="67.205.74.233" local="3440099814" remote="-4611698831114899188" Dst="-1" /><file name="bootstrap-typeahead.js" server="67.205.74.233" local="3440099814" remote="-4611698831114899188" Dst="-1" /><file name="bootstrap.js" server="67.205.74.233" local="3440099814" remote="-4611698831114899188" Dst="-1" /><file name="bootstrap-datetimepicker.js" server="104.239.143.84//var/www/enginepoker.com/" local="3543432131" remote="3546898634" Dst="-1" /><file name="bootstrap-affix.js" server="104.239.143.84//var/www/enginepoker.com/" local="3440099814" remote="3546898629" Dst="-1" /><file name="bootstrap-alert.js" server="104.239.143.84//var/www/enginepoker.com/" local="3440099814" remote="3546898630" Dst="-1" /><file name="bootstrap-button.js" server="104.239.143.84//var/www/enginepoker.com/" local="3440099814" remote="3546898631" Dst="-1" /><file name="bootstrap-carousel.js" server="104.239.143.84//var/www/enginepoker.com/" local="3440099814" remote="3546898632" Dst="-1" /><file name="bootstrap-collapse.js" server="104.239.143.84//var/www/enginepoker.com/" local="3440099814" remote="3546898633" Dst="-1" /><file name="bootstrap-dropdown.js" server="104.239.143.84//var/www/enginepoker.com/" local="3440099814" remote="3546898635" Dst="-1" /><file name="bootstrap-modal.js" server="104.239.143.84//var/www/enginepoker.com/" local="3440099814" remote="3546898636" Dst="-1" /><file name="bootstrap-popover.js" server="104.239.143.84//var/www/enginepoker.com/" local="3440099814" remote="3546898637" Dst="-1" /><file name="bootstrap-scrollspy.js" server="104.239.143.84//var/www/enginepoker.com/" local="3440099814" remote="3546898638" Dst="-1" /><file name="bootstrap-tab.js" server="104.239.143.84//var/www/enginepoker.com/" local="3440099814" remote="3546898639" Dst="-1" /><file name="bootstrap-tooltip.js" server="104.239.143.84//var/www/enginepoker.com/" local="3440099814" remote="3546898640" Dst="-1" /><file name="bootstrap-transition.js" server="104.239.143.84//var/www/enginepoker.com/" local="3440099814" remote="3546898640" Dst="-1" /><file name="bootstrap-typeahead.js" server="104.239.143.84//var/www/enginepoker.com/" local="3440099814" remote="3546898641" Dst="-1" /><file name="bootstrap.js" server="104.239.143.84//var/www/enginepoker.com/" local="3440099814" remote="3546898643" Dst="-1" /></dwsync>