<?xml version="1.0"?>
<main_asset>
  
  
  
  
  
  
  <dmq name="dmq_lobby_img">
    <type>Image</type>
    <link>https://aws-asta-s3-01.s3-ap-southeast-1.amazonaws.com/unity-asset/Lobby/Android/DMQ/</link>
    <ver>0.0.3</ver>
  </dmq>
  <dmq name="dmq_game_img">
    <type>Image</type>
    <link>https://aws-asta-s3-01.s3-ap-southeast-1.amazonaws.com/unity-asset/DMQ/Android/</link>
    <ver>0.0.2</ver>
  </dmq>
  <dmq name="dmq_game_audio">
    <type>Audio</type>
    <link>https://aws-asta-s3-01.s3-ap-southeast-1.amazonaws.com/unity-asset/DMQ/Android/</link>
    <ver>0.0.1</ver>
  </dmq>
  <dms name="dms_lobby_img">
    <type>Image</type>
    <link>https://aws-asta-s3-01.s3-ap-southeast-1.amazonaws.com/unity-asset/Lobby/Android/DMS/</link>
    <ver>0.0.3</ver>
  </dms>
  <dms name="dms_game_img">
    <type>Image</type>
    <link>https://aws-asta-s3-01.s3-ap-southeast-1.amazonaws.com/unity-asset/DMS/Android/</link>
    <ver>0.0.2</ver>
  </dms>
  <dms name="dms_game_audio">
    <type>Audio</type>
    <link>https://aws-asta-s3-01.s3-ap-southeast-1.amazonaws.com/unity-asset/DMS/Android/</link>
    <ver>0.0.1</ver>
  </dms>
  <tpk name="tpk_lobby_img">
    <type>Image</type>
    <link>https://aws-asta-s3-01.s3-ap-southeast-1.amazonaws.com/unity-asset/Lobby/Android/TPK/</link>
    <ver>0.0.3</ver>
  </tpk>
  <tpk name="tpk_game_img">
    <type>Image</type>
    <link>https://aws-asta-s3-01.s3-ap-southeast-1.amazonaws.com/unity-asset/TPK/Android/</link>
    <ver>0.0.1</ver>
  </tpk>
  <tpk name="tpk_game_audio">
    <type>Audio</type>
    <link>https://aws-asta-s3-01.s3-ap-southeast-1.amazonaws.com/unity-asset/TPK/Android/</link>
    <ver>0.0.1</ver>
  </tpk>
  
  
  



</main_asset>
