<?xml version="1.0" encoding="utf-8" ?><dwsync><file name="AutoFill.js" server="www.888pokerstars.com//admin.888pokerstars.com/" local="3440099810" remote="7765606996" Dst="-1" /><file name="ColReorder.js" server="www.888pokerstars.com//admin.888pokerstars.com/" local="3440099810" remote="-4611698556261252524" Dst="-1" /><file name="FixedHeader.js" server="www.888pokerstars.com//admin.888pokerstars.com/" local="3440099810" remote="-4611698556261252524" Dst="-1" /><file name="ColVis.js" server="www.888pokerstars.com//admin.888pokerstars.com/" local="3440099810" remote="-4611698556261252524" Dst="-1" /><file name="FixedColumns.js" server="www.888pokerstars.com//admin.888pokerstars.com/" local="3440099810" remote="-4611698556261252524" Dst="-1" /><file name="KeyTable.js" server="www.888pokerstars.com//admin.888pokerstars.com/" local="3440099814" remote="-4611698556261252524" Dst="-1" /><file name="Scroller.js" server="www.888pokerstars.com//admin.888pokerstars.com/" local="3440099810" remote="-4611698556261252524" Dst="-1" /><file name="TableTools.js" server="www.888pokerstars.com//admin.888pokerstars.com/" local="3440099810" remote="-4611698556261252524" Dst="-1" /><file name="ZeroClipboard.js" server="www.888pokerstars.com//admin.888pokerstars.com/" local="3440099810" remote="-4611698556261252524" Dst="-1" /><file name="TableTools.min.js" server="www.888pokerstars.com//admin.888pokerstars.com/" local="3440099810" remote="-4611698556261252524" Dst="-1" /><file name="AutoFill.js" server="www.888bitcoinpoker.com//my/" local="3440099810" remote="7767993736" Dst="-1" /><file name="ColReorder.js" server="www.888bitcoinpoker.com//my/" local="3440099810" remote="7767993736" Dst="-1" /><file name="ColVis.js" server="www.888bitcoinpoker.com//my/" local="3440099810" remote="-4611699243453633144" Dst="-1" /><file name="FixedColumns.js" server="www.888bitcoinpoker.com//my/" local="3440099810" remote="-4611699243453633144" Dst="-1" /><file name="FixedHeader.js" server="www.888bitcoinpoker.com//my/" local="3440099810" remote="-4611699243453633144" Dst="-1" /><file name="KeyTable.js" server="www.888bitcoinpoker.com//my/" local="3440099814" remote="-4611699243453633144" Dst="-1" /><file name="Scroller.js" server="www.888bitcoinpoker.com//my/" local="3440099810" remote="-4611699243453633144" Dst="-1" /><file name="TableTools.js" server="www.888bitcoinpoker.com//my/" local="3440099810" remote="-4611699243453633144" Dst="-1" /><file name="ZeroClipboard.js" server="www.888bitcoinpoker.com//my/" local="3440099810" remote="-4611699243453633144" Dst="-1" /><file name="TableTools.min.js" server="www.888bitcoinpoker.com//my/" local="3440099810" remote="-4611699243453633144" Dst="-1" /><file name="AutoFill.js" server="www.virtualyard.net/httpdocs/" local="3440099810" remote="7777700536" Dst="-1" /><file name="ColReorder.js" server="www.virtualyard.net/httpdocs/" local="3440099810" remote="-4611698556249158984" Dst="-1" /><file name="ColVis.js" server="www.virtualyard.net/httpdocs/" local="3440099810" remote="-4611698556249158984" Dst="-1" /><file name="FixedColumns.js" server="www.virtualyard.net/httpdocs/" local="3440099810" remote="-4611698556249158984" Dst="-1" /><file name="KeyTable.js" server="www.virtualyard.net/httpdocs/" local="3440099814" remote="-4611698556249158984" Dst="-1" /><file name="Scroller.js" server="www.virtualyard.net/httpdocs/" local="3440099810" remote="-4611698556249158984" Dst="-1" /><file name="FixedHeader.js" server="www.virtualyard.net/httpdocs/" local="3440099810" remote="-4611698556249158984" Dst="-1" /><file name="TableTools.min.js" server="www.virtualyard.net/httpdocs/" local="3440099810" remote="-4611698556249158984" Dst="-1" /><file name="ZeroClipboard.js" server="www.virtualyard.net/httpdocs/" local="3440099810" remote="-4611698556249158984" Dst="-1" /><file name="TableTools.js" server="www.virtualyard.net/httpdocs/" local="3440099810" remote="-4611698556249158984" Dst="-1" /><file name="AutoFill.js" server="www.virtualyard.net/play/" local="3440099810" remote="7777703116" Dst="-1" /><file name="ColReorder.js" server="www.virtualyard.net/play/" local="3440099810" remote="-4611698556249156404" Dst="-1" /><file name="ColVis.js" server="www.virtualyard.net/play/" local="3440099810" remote="-4611698556249156404" Dst="-1" /><file name="FixedHeader.js" server="www.virtualyard.net/play/" local="3440099810" remote="-4611698556249156404" Dst="-1" /><file name="FixedColumns.js" server="www.virtualyard.net/play/" local="3440099810" remote="-4611698556249156404" Dst="-1" /><file name="KeyTable.js" server="www.virtualyard.net/play/" local="3440099814" remote="-4611698556249156404" Dst="-1" /><file name="Scroller.js" server="www.virtualyard.net/play/" local="3440099810" remote="-4611698556249156404" Dst="-1" /><file name="TableTools.js" server="www.virtualyard.net/play/" local="3440099810" remote="-4611698556249156404" Dst="-1" /><file name="TableTools.min.js" server="www.virtualyard.net/play/" local="3440099810" remote="-4611698556249156404" Dst="-1" /><file name="ZeroClipboard.js" server="www.virtualyard.net/play/" local="3440099810" remote="-4611698556249156404" Dst="-1" /><file name="AutoFill.js" server="5.10.120.132//var/www/html/" local="3440099810" remote="7786916476" Dst="-1" /><file name="ColReorder.js" server="5.10.120.132//var/www/html/" local="3440099810" remote="-4611698556239943044" Dst="-1" /><file name="ColVis.js" server="5.10.120.132//var/www/html/" local="3440099810" remote="-4611698556239943044" Dst="-1" /><file name="FixedColumns.js" server="5.10.120.132//var/www/html/" local="3440099810" remote="-4611698556239943044" Dst="-1" /><file name="FixedHeader.js" server="5.10.120.132//var/www/html/" local="3440099810" remote="-4611698556239943044" Dst="-1" /><file name="KeyTable.js" server="5.10.120.132//var/www/html/" local="3440099814" remote="-4611698556239943044" Dst="-1" /><file name="Scroller.js" server="5.10.120.132//var/www/html/" local="3440099810" remote="7786916476" Dst="-1" /><file name="TableTools.min.js" server="5.10.120.132//var/www/html/" local="3440099810" remote="-4611698556239943044" Dst="-1" /><file name="ZeroClipboard.js" server="5.10.120.132//var/www/html/" local="3440099810" remote="-4611698556239943044" Dst="-1" /><file name="TableTools.js" server="5.10.120.132//var/www/html/" local="3440099810" remote="-4611698556239943044" Dst="-1" /><file name="AutoFill.js" server="67.205.74.233" local="3440099810" remote="7789867336" Dst="-1" /><file name="ColReorder.js" server="67.205.74.233" local="3440099810" remote="-4611698831114899128" Dst="-1" /><file name="ColVis.js" server="67.205.74.233" local="3440099810" remote="-4611698831114899128" Dst="-1" /><file name="FixedColumns.js" server="67.205.74.233" local="3440099810" remote="-4611698831114899128" Dst="-1" /><file name="FixedHeader.js" server="67.205.74.233" local="3440099810" remote="-4611698831114899128" Dst="-1" /><file name="KeyTable.js" server="67.205.74.233" local="3440099814" remote="-4611698831114899128" Dst="-1" /><file name="Scroller.js" server="67.205.74.233" local="3440099810" remote="-4611698831114899128" Dst="-1" /><file name="TableTools.js" server="67.205.74.233" local="3440099810" remote="-4611698831114899128" Dst="-1" /><file name="ZeroClipboard.js" server="67.205.74.233" local="3440099810" remote="-4611698831114899128" Dst="-1" /><file name="TableTools.min.js" server="67.205.74.233" local="3440099810" remote="-4611698831114899128" Dst="-1" /><file name="AutoFill.js" server="104.239.143.84//var/www/enginepoker.com/" local="3440099810" remote="3546898668" Dst="-1" /><file name="ColReorder.js" server="104.239.143.84//var/www/enginepoker.com/" local="3440099810" remote="3546898669" Dst="-1" /><file name="ColVis.js" server="104.239.143.84//var/www/enginepoker.com/" local="3440099810" remote="3546898670" Dst="-1" /><file name="FixedColumns.js" server="104.239.143.84//var/www/enginepoker.com/" local="3440099810" remote="3546898671" Dst="-1" /><file name="FixedHeader.js" server="104.239.143.84//var/www/enginepoker.com/" local="3440099810" remote="3546898672" Dst="-1" /><file name="KeyTable.js" server="104.239.143.84//var/www/enginepoker.com/" local="3440099814" remote="3546898674" Dst="-1" /><file name="Scroller.js" server="104.239.143.84//var/www/enginepoker.com/" local="3440099810" remote="3546898675" Dst="-1" /><file name="TableTools.js" server="104.239.143.84//var/www/enginepoker.com/" local="3440099810" remote="3546898676" Dst="-1" /><file name="TableTools.min.js" server="104.239.143.84//var/www/enginepoker.com/" local="3440099810" remote="3546898677" Dst="-1" /><file name="ZeroClipboard.js" server="104.239.143.84//var/www/enginepoker.com/" local="3440099810" remote="3546898678" Dst="-1" /></dwsync>