<?xml version="1.0" encoding="utf-8" ?><dwsync><file name="application.js" server="www.888pokerstars.com//admin.888pokerstars.com/" local="3471462149" remote="7766426236" Dst="-1" /><file name="chosen-jquery.js" server="www.888pokerstars.com//admin.888pokerstars.com/" local="3440099812" remote="7765606996" Dst="-1" /><file name="docs.js" server="www.888pokerstars.com//admin.888pokerstars.com/" local="3471820971" remote="7766785096" Dst="-1" /><file name="docs_charts.js" server="www.888pokerstars.com//admin.888pokerstars.com/" local="3440099812" remote="7765606996" Dst="-1" /><file name="documentation.js" server="www.888pokerstars.com//admin.888pokerstars.com/" local="3440099810" remote="-4611698556261252524" Dst="-1" /><file name="excanvas.js" server="www.888pokerstars.com//admin.888pokerstars.com/" local="3440099810" remote="-4611698556261252524" Dst="-1" /><file name="faq.js" server="www.888pokerstars.com//admin.888pokerstars.com/" local="3440099814" remote="-4611698556261252524" Dst="-1" /><file name="html5shiv.js" server="www.888pokerstars.com//admin.888pokerstars.com/" local="3440099810" remote="7765606996" Dst="-1" /><file name="iefix.js" server="www.888pokerstars.com//admin.888pokerstars.com/" local="3440099814" remote="7765606996" Dst="-1" /><file name="jquery-1.8.js" server="www.888pokerstars.com//admin.888pokerstars.com/" local="3440099810" remote="-4611698556261252524" Dst="-1" /><file name="jquery172.js" server="www.888pokerstars.com//admin.888pokerstars.com/" local="3440099814" remote="7765606996" Dst="-1" /><file name="login.js" server="www.888pokerstars.com//admin.888pokerstars.com/" local="3440099812" remote="7765607056" Dst="-1" /><file name="navigation.js" server="www.888pokerstars.com//admin.888pokerstars.com/" local="3440099814" remote="-4611698556261252464" Dst="-1" /><file name="notifications.js" server="www.888pokerstars.com//admin.888pokerstars.com/" local="3440099810" remote="-4611698556261252464" Dst="-1" /><file name="notification.js" server="www.888pokerstars.com//admin.888pokerstars.com/" local="3440099810" remote="-4611698556261252464" Dst="-1" /><file name="jqueryui.js" server="www.888pokerstars.com//admin.888pokerstars.com/" local="3440099814" remote="-4611698556261252464" Dst="-1" /><file name="notifications_demo.js" server="www.888pokerstars.com//admin.888pokerstars.com/" local="3440099810" remote="-4611698556261252464" Dst="-1" /><file name="prettify.js" server="www.888pokerstars.com//admin.888pokerstars.com/" local="3440099812" remote="-4611698556261252464" Dst="-1" /><file name="search.js" server="www.888pokerstars.com//admin.888pokerstars.com/" local="3440099814" remote="-4611698556261252464" Dst="-1" /><file name="tagify.js" server="www.888pokerstars.com//admin.888pokerstars.com/" local="3440099810" remote="-4611698556261252464" Dst="-1" /><file name="template.js" server="www.888pokerstars.com//admin.888pokerstars.com/" local="3440099812" remote="-4611698556261252464" Dst="-1" /><file name="underscore.js" server="www.888pokerstars.com//admin.888pokerstars.com/" local="3440099810" remote="7765607056" Dst="-1" /><file name="three.js" server="www.888pokerstars.com//admin.888pokerstars.com/" local="3440099814" remote="7765607056" Dst="-1" /><file name="bootstrap-editable.js" server="www.888pokerstars.com//admin.888pokerstars.com/" local="3471290639" remote="7766254696" Dst="-1" /><file name="application.js" server="www.888bitcoinpoker.com//my/" local="3481748857" remote="7776717976" Dst="-1" /><file name="bootstrap-editable.js" server="www.888bitcoinpoker.com//my/" local="3471290639" remote="7767993736" Dst="-1" /><file name="chosen-jquery.js" server="www.888bitcoinpoker.com//my/" local="3440099812" remote="7767993736" Dst="-1" /><file name="docs.js" server="www.888bitcoinpoker.com//my/" local="3471820971" remote="7767993736" Dst="-1" /><file name="docs_charts.js" server="www.888bitcoinpoker.com//my/" local="3440099812" remote="-4611699243453633144" Dst="-1" /><file name="documentation.js" server="www.888bitcoinpoker.com//my/" local="3440099810" remote="-4611699243453633144" Dst="-1" /><file name="excanvas.js" server="www.888bitcoinpoker.com//my/" local="3440099810" remote="-4611699243453633144" Dst="-1" /><file name="faq.js" server="www.888bitcoinpoker.com//my/" local="3440099814" remote="-4611699243453633144" Dst="-1" /><file name="html5shiv.js" server="www.888bitcoinpoker.com//my/" local="3440099810" remote="7767993736" Dst="-1" /><file name="iefix.js" server="www.888bitcoinpoker.com//my/" local="3440099814" remote="-4611699243453633144" Dst="-1" /><file name="jquery-1.8.js" server="www.888bitcoinpoker.com//my/" local="3440099810" remote="-4611699243453633144" Dst="-1" /><file name="jquery172.js" server="www.888bitcoinpoker.com//my/" local="3440099814" remote="7767993736" Dst="-1" /><file name="login.js" server="www.888bitcoinpoker.com//my/" local="3440099812" remote="7767993736" Dst="-1" /><file name="navigation.js" server="www.888bitcoinpoker.com//my/" local="3440099814" remote="-4611699243453633144" Dst="-1" /><file name="notification.js" server="www.888bitcoinpoker.com//my/" local="3440099810" remote="-4611699243453633144" Dst="-1" /><file name="notifications.js" server="www.888bitcoinpoker.com//my/" local="3440099810" remote="-4611699243453633144" Dst="-1" /><file name="jqueryui.js" server="www.888bitcoinpoker.com//my/" local="3440099814" remote="-4611699243453633144" Dst="-1" /><file name="notifications_demo.js" server="www.888bitcoinpoker.com//my/" local="3440099810" remote="-4611699243453633144" Dst="-1" /><file name="prettify.js" server="www.888bitcoinpoker.com//my/" local="3440099812" remote="-4611699243453633144" Dst="-1" /><file name="search.js" server="www.888bitcoinpoker.com//my/" local="3440099814" remote="-4611699243453633144" Dst="-1" /><file name="tagify.js" server="www.888bitcoinpoker.com//my/" local="3440099810" remote="-4611699243453633144" Dst="-1" /><file name="template.js" server="www.888bitcoinpoker.com//my/" local="3440099812" remote="-4611699243453633144" Dst="-1" /><file name="underscore.js" server="www.888bitcoinpoker.com//my/" local="3440099810" remote="7767993736" Dst="-1" /><file name="three.js" server="www.888bitcoinpoker.com//my/" local="3440099814" remote="7767993736" Dst="-1" /><file name="application.js" server="www.virtualyard.net/httpdocs/" local="3481748857" remote="7777700536" Dst="-1" /><file name="bootstrap-editable.js" server="www.virtualyard.net/httpdocs/" local="3471290639" remote="7777700536" Dst="-1" /><file name="chosen-jquery.js" server="www.virtualyard.net/httpdocs/" local="3440099812" remote="-4611698556249158984" Dst="-1" /><file name="docs_charts.js" server="www.virtualyard.net/httpdocs/" local="3440099812" remote="7777700536" Dst="-1" /><file name="docs.js" server="www.virtualyard.net/httpdocs/" local="3471820971" remote="-4611698556249158984" Dst="-1" /><file name="documentation.js" server="www.virtualyard.net/httpdocs/" local="3440099810" remote="7777700536" Dst="-1" /><file name="excanvas.js" server="www.virtualyard.net/httpdocs/" local="3440099810" remote="-4611698556249158984" Dst="-1" /><file name="faq.js" server="www.virtualyard.net/httpdocs/" local="3440099814" remote="-4611698556249158984" Dst="-1" /><file name="html5shiv.js" server="www.virtualyard.net/httpdocs/" local="3440099810" remote="7777700536" Dst="-1" /><file name="iefix.js" server="www.virtualyard.net/httpdocs/" local="3440099814" remote="-4611698556249158984" Dst="-1" /><file name="jquery-1.8.js" server="www.virtualyard.net/httpdocs/" local="3440099810" remote="7777700536" Dst="-1" /><file name="jquery172.js" server="www.virtualyard.net/httpdocs/" local="3440099814" remote="7777700536" Dst="-1" /><file name="login.js" server="www.virtualyard.net/httpdocs/" local="3440099812" remote="7777700536" Dst="-1" /><file name="navigation.js" server="www.virtualyard.net/httpdocs/" local="3440099814" remote="-4611698556249158984" Dst="-1" /><file name="jqueryui.js" server="www.virtualyard.net/httpdocs/" local="3440099814" remote="-4611698556249158984" Dst="-1" /><file name="notification.js" server="www.virtualyard.net/httpdocs/" local="3440099810" remote="-4611698556249158984" Dst="-1" /><file name="notifications.js" server="www.virtualyard.net/httpdocs/" local="3440099810" remote="-4611698556249158984" Dst="-1" /><file name="notifications_demo.js" server="www.virtualyard.net/httpdocs/" local="3440099810" remote="-4611698556249158984" Dst="-1" /><file name="prettify.js" server="www.virtualyard.net/httpdocs/" local="3440099812" remote="-4611698556249158984" Dst="-1" /><file name="search.js" server="www.virtualyard.net/httpdocs/" local="3440099814" remote="-4611698556249158984" Dst="-1" /><file name="tagify.js" server="www.virtualyard.net/httpdocs/" local="3440099810" remote="-4611698556249158984" Dst="-1" /><file name="template.js" server="www.virtualyard.net/httpdocs/" local="3440099812" remote="-4611698556249158984" Dst="-1" /><file name="underscore.js" server="www.virtualyard.net/httpdocs/" local="3440099810" remote="-4611698556249158984" Dst="-1" /><file name="three.js" server="www.virtualyard.net/httpdocs/" local="3440099814" remote="7777700536" Dst="-1" /><file name="application.js" server="www.virtualyard.net/play/" local="3481748857" remote="7777703116" Dst="-1" /><file name="bootstrap-editable.js" server="www.virtualyard.net/play/" local="3471290639" remote="7777703116" Dst="-1" /><file name="chosen-jquery.js" server="www.virtualyard.net/play/" local="3440099812" remote="-4611698556249156404" Dst="-1" /><file name="docs.js" server="www.virtualyard.net/play/" local="3471820971" remote="7777703116" Dst="-1" /><file name="docs_charts.js" server="www.virtualyard.net/play/" local="3440099812" remote="-4611698556249156404" Dst="-1" /><file name="documentation.js" server="www.virtualyard.net/play/" local="3440099810" remote="-4611698556249156404" Dst="-1" /><file name="excanvas.js" server="www.virtualyard.net/play/" local="3440099810" remote="-4611698556249156404" Dst="-1" /><file name="faq.js" server="www.virtualyard.net/play/" local="3440099814" remote="-4611698556249156404" Dst="-1" /><file name="iefix.js" server="www.virtualyard.net/play/" local="3440099814" remote="7777703116" Dst="-1" /><file name="jquery-1.8.js" server="www.virtualyard.net/play/" local="3440099810" remote="-4611698556249156404" Dst="-1" /><file name="html5shiv.js" server="www.virtualyard.net/play/" local="3440099810" remote="7777703176" Dst="-1" /><file name="jquery172.js" server="www.virtualyard.net/play/" local="3440099814" remote="-4611698556249156344" Dst="-1" /><file name="login.js" server="www.virtualyard.net/play/" local="3440099812" remote="7777703176" Dst="-1" /><file name="navigation.js" server="www.virtualyard.net/play/" local="3440099814" remote="-4611698556249156344" Dst="-1" /><file name="notification.js" server="www.virtualyard.net/play/" local="3440099810" remote="-4611698556249156344" Dst="-1" /><file name="notifications.js" server="www.virtualyard.net/play/" local="3440099810" remote="-4611698556249156344" Dst="-1" /><file name="jqueryui.js" server="www.virtualyard.net/play/" local="3440099814" remote="-4611698556249156344" Dst="-1" /><file name="notifications_demo.js" server="www.virtualyard.net/play/" local="3440099810" remote="-4611698556249156344" Dst="-1" /><file name="prettify.js" server="www.virtualyard.net/play/" local="3440099812" remote="-4611698556249156344" Dst="-1" /><file name="search.js" server="www.virtualyard.net/play/" local="3440099814" remote="-4611698556249156344" Dst="-1" /><file name="tagify.js" server="www.virtualyard.net/play/" local="3440099810" remote="-4611698556249156344" Dst="-1" /><file name="template.js" server="www.virtualyard.net/play/" local="3440099812" remote="-4611698556249156344" Dst="-1" /><file name="underscore.js" server="www.virtualyard.net/play/" local="3440099810" remote="7777703176" Dst="-1" /><file name="three.js" server="www.virtualyard.net/play/" local="3440099814" remote="7777703176" Dst="-1" /><file name="chosen-jquery.js" server="5.10.120.132//var/www/html/" local="3440099812" remote="7786916476" Dst="-1" /><file name="bootstrap-editable.js" server="5.10.120.132//var/www/html/" local="3471290639" remote="7786916476" Dst="-1" /><file name="docs.js" server="5.10.120.132//var/www/html/" local="3471820971" remote="7786916476" Dst="-1" /><file name="docs_charts.js" server="5.10.120.132//var/www/html/" local="3440099812" remote="-4611698556239943044" Dst="-1" /><file name="documentation.js" server="5.10.120.132//var/www/html/" local="3440099810" remote="-4611698556239943044" Dst="-1" /><file name="excanvas.js" server="5.10.120.132//var/www/html/" local="3440099810" remote="-4611698556239943044" Dst="-1" /><file name="faq.js" server="5.10.120.132//var/www/html/" local="3440099814" remote="-4611698556239943044" Dst="-1" /><file name="html5shiv.js" server="5.10.120.132//var/www/html/" local="3440099810" remote="7786916476" Dst="-1" /><file name="iefix.js" server="5.10.120.132//var/www/html/" local="3440099814" remote="-4611698556239943044" Dst="-1" /><file name="jquery-1.8.js" server="5.10.120.132//var/www/html/" local="3440099810" remote="7786916476" Dst="-1" /><file name="jquery172.js" server="5.10.120.132//var/www/html/" local="3440099814" remote="7786916536" Dst="-1" /><file name="application.js" server="5.10.120.132//var/www/html/" local="3481748857" remote="7786916536" Dst="-1" /><file name="login.js" server="5.10.120.132//var/www/html/" local="3440099812" remote="7786916536" Dst="-1" /><file name="navigation.js" server="5.10.120.132//var/www/html/" local="3440099814" remote="-4611698556239942984" Dst="-1" /><file name="notification.js" server="5.10.120.132//var/www/html/" local="3440099810" remote="-4611698556239942984" Dst="-1" /><file name="notifications.js" server="5.10.120.132//var/www/html/" local="3440099810" remote="-4611698556239942984" Dst="-1" /><file name="notifications_demo.js" server="5.10.120.132//var/www/html/" local="3440099810" remote="-4611698556239942984" Dst="-1" /><file name="prettify.js" server="5.10.120.132//var/www/html/" local="3491383156" remote="-4611698556239942984" Dst="-1" /><file name="search.js" server="5.10.120.132//var/www/html/" local="3440099814" remote="-4611698556239942984" Dst="-1" /><file name="tagify.js" server="5.10.120.132//var/www/html/" local="3440099810" remote="-4611698556239942984" Dst="-1" /><file name="template.js" server="5.10.120.132//var/www/html/" local="3440099812" remote="-4611698556239942984" Dst="-1" /><file name="jqueryui.js" server="5.10.120.132//var/www/html/" local="3440099814" remote="-4611698556239942984" Dst="-1" /><file name="underscore.js" server="5.10.120.132//var/www/html/" local="3440099810" remote="7786916536" Dst="-1" /><file name="three.js" server="5.10.120.132//var/www/html/" local="3440099814" remote="7786916596" Dst="-1" /><file name="application.js" server="67.205.74.233" local="3481748857" remote="7789867276" Dst="-1" /><file name="bootstrap-editable.js" server="67.205.74.233" local="3471290639" remote="7789867276" Dst="-1" /><file name="chosen-jquery.js" server="67.205.74.233" local="3440099812" remote="7789867276" Dst="-1" /><file name="docs.js" server="67.205.74.233" local="3471820971" remote="7789867336" Dst="-1" /><file name="docs_charts.js" server="67.205.74.233" local="3440099812" remote="-4611698831114899128" Dst="-1" /><file name="documentation.js" server="67.205.74.233" local="3440099810" remote="-4611698831114899128" Dst="-1" /><file name="excanvas.js" server="67.205.74.233" local="3440099810" remote="-4611698831114899128" Dst="-1" /><file name="faq.js" server="67.205.74.233" local="3440099814" remote="-4611698831114899128" Dst="-1" /><file name="html5shiv.js" server="67.205.74.233" local="3440099810" remote="7789867336" Dst="-1" /><file name="iefix.js" server="67.205.74.233" local="3440099814" remote="-4611698831114899128" Dst="-1" /><file name="jquery-1.8.js" server="67.205.74.233" local="3440099810" remote="-4611698831114899128" Dst="-1" /><file name="jquery172.js" server="67.205.74.233" local="3440099814" remote="7789867396" Dst="-1" /><file name="login.js" server="67.205.74.233" local="3440099812" remote="7789867396" Dst="-1" /><file name="navigation.js" server="67.205.74.233" local="3440099814" remote="-4611698831114899068" Dst="-1" /><file name="notification.js" server="67.205.74.233" local="3440099810" remote="-4611698831114899068" Dst="-1" /><file name="notifications.js" server="67.205.74.233" local="3440099810" remote="-4611698831114899068" Dst="-1" /><file name="jqueryui.js" server="67.205.74.233" local="3440099814" remote="-4611698831114899068" Dst="-1" /><file name="notifications_demo.js" server="67.205.74.233" local="3440099810" remote="-4611698831114899068" Dst="-1" /><file name="prettify.js" server="67.205.74.233" local="3491383156" remote="-4611698831114899068" Dst="-1" /><file name="search.js" server="67.205.74.233" local="3440099814" remote="-4611698831114899068" Dst="-1" /><file name="tagify.js" server="67.205.74.233" local="3440099810" remote="-4611698831114899068" Dst="-1" /><file name="template.js" server="67.205.74.233" local="3440099812" remote="-4611698831114899068" Dst="-1" /><file name="underscore.js" server="67.205.74.233" local="3440099810" remote="7789867396" Dst="-1" /><file name="three.js" server="67.205.74.233" local="3440099814" remote="7789867456" Dst="-1" /><file name="application.js" server="104.239.143.84//var/www/enginepoker.com/" local="3522256467" remote="3546898626" Dst="-1" /><file name="notifications_demo.js" server="104.239.143.84//var/www/enginepoker.com/" local="3522256178" remote="3546898768" Dst="-1" /><file name="bootstrap-editable.js" server="104.239.143.84//var/www/enginepoker.com/" local="3541183245" remote="3546898648" Dst="-1" /><file name="moment.js" server="104.239.143.84//var/www/enginepoker.com/" local="3542845049" remote="3546898765" Dst="-1" /><file name="chosen-jquery.js" server="104.239.143.84//var/www/enginepoker.com/" local="3440099812" remote="3546898664" Dst="-1" /><file name="docs.js" server="104.239.143.84//var/www/enginepoker.com/" local="3471820971" remote="3546898706" Dst="-1" /><file name="docs_charts.js" server="104.239.143.84//var/www/enginepoker.com/" local="3440099812" remote="3546898707" Dst="-1" /><file name="documentation.js" server="104.239.143.84//var/www/enginepoker.com/" local="3440099810" remote="3546898708" Dst="-1" /><file name="excanvas.js" server="104.239.143.84//var/www/enginepoker.com/" local="3440099810" remote="3546898709" Dst="-1" /><file name="faq.js" server="104.239.143.84//var/www/enginepoker.com/" local="3440099814" remote="3546898710" Dst="-1" /><file name="html5shiv.js" server="104.239.143.84//var/www/enginepoker.com/" local="3440099810" remote="3546898718" Dst="-1" /><file name="iefix.js" server="104.239.143.84//var/www/enginepoker.com/" local="3440099814" remote="3546898719" Dst="-1" /><file name="jquery-1.8.js" server="104.239.143.84//var/www/enginepoker.com/" local="3440099810" remote="3546898721" Dst="-1" /><file name="jquery172.js" server="104.239.143.84//var/www/enginepoker.com/" local="3440099814" remote="3546898724" Dst="-1" /><file name="jqueryui.js" server="104.239.143.84//var/www/enginepoker.com/" local="3440099814" remote="3546898762" Dst="-1" /><file name="login.js" server="104.239.143.84//var/www/enginepoker.com/" local="3440099812" remote="3546898763" Dst="-1" /><file name="navigation.js" server="104.239.143.84//var/www/enginepoker.com/" local="3440099814" remote="3546898766" Dst="-1" /><file name="notification.js" server="104.239.143.84//var/www/enginepoker.com/" local="3440099810" remote="3546898766" Dst="-1" /><file name="notifications.js" server="104.239.143.84//var/www/enginepoker.com/" local="3440099810" remote="3546898767" Dst="-1" /><file name="prettify.js" server="104.239.143.84//var/www/enginepoker.com/" local="3491383156" remote="3546898769" Dst="-1" /><file name="search.js" server="104.239.143.84//var/www/enginepoker.com/" local="3440099814" remote="3546898770" Dst="-1" /><file name="tagify.js" server="104.239.143.84//var/www/enginepoker.com/" local="3440099810" remote="3546898771" Dst="-1" /><file name="template.js" server="104.239.143.84//var/www/enginepoker.com/" local="3440099812" remote="3546898772" Dst="-1" /><file name="three.js" server="104.239.143.84//var/www/enginepoker.com/" local="3440099814" remote="3546898776" Dst="-1" /><file name="underscore.js" server="104.239.143.84//var/www/enginepoker.com/" local="3440099810" remote="3546898778" Dst="-1" /><file name="application.php" server="104.239.143.84//var/www/enginepoker.com/" local="3547511153" remote="3547511154" Dst="-1" /></dwsync>