<?xml version="1.0" encoding="utf-8" ?><dwsync><file name="excanvas.js" server="www.888pokerstars.com//admin.888pokerstars.com/" local="3440099814" remote="7765606996" Dst="-1" /><file name="excanvas.min.js" server="www.888pokerstars.com//admin.888pokerstars.com/" local="3440099814" remote="-4611698556261252524" Dst="-1" /><file name="jquery.colorhelpers.js" server="www.888pokerstars.com//admin.888pokerstars.com/" local="3440099814" remote="-4611698556261252524" Dst="-1" /><file name="jquery.colorhelpers.min.js" server="www.888pokerstars.com//admin.888pokerstars.com/" local="3440099814" remote="-4611698556261252524" Dst="-1" /><file name="jquery.flot.crosshair.js" server="www.888pokerstars.com//admin.888pokerstars.com/" local="3440099814" remote="-4611698556261252524" Dst="-1" /><file name="jquery.flot.crosshair.min.js" server="www.888pokerstars.com//admin.888pokerstars.com/" local="3440099814" remote="-4611698556261252524" Dst="-1" /><file name="jquery.flot.fillbetween.js" server="www.888pokerstars.com//admin.888pokerstars.com/" local="3440099814" remote="7765606996" Dst="-1" /><file name="jquery.flot.fillbetween.min.js" server="www.888pokerstars.com//admin.888pokerstars.com/" local="3440099814" remote="-4611698556261252524" Dst="-1" /><file name="jquery.flot.image.js" server="www.888pokerstars.com//admin.888pokerstars.com/" local="3440099814" remote="-4611698556261252524" Dst="-1" /><file name="jquery.flot.image.min.js" server="www.888pokerstars.com//admin.888pokerstars.com/" local="3440099814" remote="-4611698556261252524" Dst="-1" /><file name="jquery.flot.js" server="www.888pokerstars.com//admin.888pokerstars.com/" local="3440099810" remote="-4611698556261252524" Dst="-1" /><file name="jquery.flot.navigate.js" server="www.888pokerstars.com//admin.888pokerstars.com/" local="3440099814" remote="-4611698556261252524" Dst="-1" /><file name="jquery.flot.min.js" server="www.888pokerstars.com//admin.888pokerstars.com/" local="3440099814" remote="-4611698556261252524" Dst="-1" /><file name="jquery.flot.navigate.min.js" server="www.888pokerstars.com//admin.888pokerstars.com/" local="3440099814" remote="-4611698556261252524" Dst="-1" /><file name="jquery.flot.pie.js" server="www.888pokerstars.com//admin.888pokerstars.com/" local="3440099814" remote="-4611698556261252524" Dst="-1" /><file name="jquery.flot.pie.min.js" server="www.888pokerstars.com//admin.888pokerstars.com/" local="3440099814" remote="-4611698556261252524" Dst="-1" /><file name="jquery.flot.resize.js" server="www.888pokerstars.com//admin.888pokerstars.com/" local="3440099814" remote="-4611698556261252524" Dst="-1" /><file name="jquery.flot.resize.min.js" server="www.888pokerstars.com//admin.888pokerstars.com/" local="3440099814" remote="-4611698556261252524" Dst="-1" /><file name="jquery.flot.selection.js" server="www.888pokerstars.com//admin.888pokerstars.com/" local="3440099814" remote="-4611698556261252524" Dst="-1" /><file name="jquery.flot.selection.min.js" server="www.888pokerstars.com//admin.888pokerstars.com/" local="3440099814" remote="-4611698556261252524" Dst="-1" /><file name="jquery.flot.stack.js" server="www.888pokerstars.com//admin.888pokerstars.com/" local="3440099814" remote="-4611698556261252524" Dst="-1" /><file name="jquery.flot.stack.min.js" server="www.888pokerstars.com//admin.888pokerstars.com/" local="3440099814" remote="-4611698556261252524" Dst="-1" /><file name="jquery.flot.symbol.min.js" server="www.888pokerstars.com//admin.888pokerstars.com/" local="3440099814" remote="-4611698556261252464" Dst="-1" /><file name="jquery.flot.symbol.js" server="www.888pokerstars.com//admin.888pokerstars.com/" local="3440099814" remote="-4611698556261252464" Dst="-1" /><file name="jquery.flot.threshold.js" server="www.888pokerstars.com//admin.888pokerstars.com/" local="3440099814" remote="-4611698556261252464" Dst="-1" /><file name="jquery.flot.threshold.min.js" server="www.888pokerstars.com//admin.888pokerstars.com/" local="3440099814" remote="-4611698556261252464" Dst="-1" /><file name="excanvas.js" server="www.888bitcoinpoker.com//my/" local="3440099814" remote="7767993736" Dst="-1" /><file name="excanvas.min.js" server="www.888bitcoinpoker.com//my/" local="3440099814" remote="-4611699243453633144" Dst="-1" /><file name="jquery.colorhelpers.js" server="www.888bitcoinpoker.com//my/" local="3440099814" remote="-4611699243453633144" Dst="-1" /><file name="jquery.colorhelpers.min.js" server="www.888bitcoinpoker.com//my/" local="3440099814" remote="-4611699243453633144" Dst="-1" /><file name="jquery.flot.crosshair.js" server="www.888bitcoinpoker.com//my/" local="3440099814" remote="-4611699243453633144" Dst="-1" /><file name="jquery.flot.crosshair.min.js" server="www.888bitcoinpoker.com//my/" local="3440099814" remote="-4611699243453633144" Dst="-1" /><file name="jquery.flot.fillbetween.js" server="www.888bitcoinpoker.com//my/" local="3440099814" remote="7767993736" Dst="-1" /><file name="jquery.flot.fillbetween.min.js" server="www.888bitcoinpoker.com//my/" local="3440099814" remote="-4611699243453633144" Dst="-1" /><file name="jquery.flot.image.js" server="www.888bitcoinpoker.com//my/" local="3440099814" remote="-4611699243453633144" Dst="-1" /><file name="jquery.flot.image.min.js" server="www.888bitcoinpoker.com//my/" local="3440099814" remote="-4611699243453633144" Dst="-1" /><file name="jquery.flot.js" server="www.888bitcoinpoker.com//my/" local="3440099810" remote="-4611699243453633144" Dst="-1" /><file name="jquery.flot.navigate.js" server="www.888bitcoinpoker.com//my/" local="3440099814" remote="-4611699243453633144" Dst="-1" /><file name="jquery.flot.min.js" server="www.888bitcoinpoker.com//my/" local="3440099814" remote="-4611699243453633144" Dst="-1" /><file name="jquery.flot.navigate.min.js" server="www.888bitcoinpoker.com//my/" local="3440099814" remote="-4611699243453633144" Dst="-1" /><file name="jquery.flot.pie.js" server="www.888bitcoinpoker.com//my/" local="3440099814" remote="-4611699243453633144" Dst="-1" /><file name="jquery.flot.pie.min.js" server="www.888bitcoinpoker.com//my/" local="3440099814" remote="-4611699243453633144" Dst="-1" /><file name="jquery.flot.resize.js" server="www.888bitcoinpoker.com//my/" local="3440099814" remote="-4611699243453633144" Dst="-1" /><file name="jquery.flot.resize.min.js" server="www.888bitcoinpoker.com//my/" local="3440099814" remote="-4611699243453633144" Dst="-1" /><file name="jquery.flot.selection.js" server="www.888bitcoinpoker.com//my/" local="3440099814" remote="-4611699243453633144" Dst="-1" /><file name="jquery.flot.selection.min.js" server="www.888bitcoinpoker.com//my/" local="3440099814" remote="-4611699243453633144" Dst="-1" /><file name="jquery.flot.stack.js" server="www.888bitcoinpoker.com//my/" local="3440099814" remote="-4611699243453633144" Dst="-1" /><file name="jquery.flot.stack.min.js" server="www.888bitcoinpoker.com//my/" local="3440099814" remote="-4611699243453633144" Dst="-1" /><file name="jquery.flot.symbol.js" server="www.888bitcoinpoker.com//my/" local="3440099814" remote="-4611699243453633144" Dst="-1" /><file name="jquery.flot.symbol.min.js" server="www.888bitcoinpoker.com//my/" local="3440099814" remote="-4611699243453633144" Dst="-1" /><file name="jquery.flot.threshold.js" server="www.888bitcoinpoker.com//my/" local="3440099814" remote="-4611699243453633144" Dst="-1" /><file name="jquery.flot.threshold.min.js" server="www.888bitcoinpoker.com//my/" local="3440099814" remote="-4611699243453633144" Dst="-1" /><file name="excanvas.js" server="www.virtualyard.net/httpdocs/" local="3440099814" remote="7777700536" Dst="-1" /><file name="excanvas.min.js" server="www.virtualyard.net/httpdocs/" local="3440099814" remote="7777700536" Dst="-1" /><file name="jquery.colorhelpers.js" server="www.virtualyard.net/httpdocs/" local="3440099814" remote="-4611698556249158984" Dst="-1" /><file name="jquery.colorhelpers.min.js" server="www.virtualyard.net/httpdocs/" local="3440099814" remote="-4611698556249158984" Dst="-1" /><file name="jquery.flot.crosshair.js" server="www.virtualyard.net/httpdocs/" local="3440099814" remote="-4611698556249158984" Dst="-1" /><file name="jquery.flot.crosshair.min.js" server="www.virtualyard.net/httpdocs/" local="3440099814" remote="7777700536" Dst="-1" /><file name="jquery.flot.fillbetween.min.js" server="www.virtualyard.net/httpdocs/" local="3440099814" remote="-4611698556249158984" Dst="-1" /><file name="jquery.flot.fillbetween.js" server="www.virtualyard.net/httpdocs/" local="3440099814" remote="-4611698556249158984" Dst="-1" /><file name="jquery.flot.image.js" server="www.virtualyard.net/httpdocs/" local="3440099814" remote="-4611698556249158984" Dst="-1" /><file name="jquery.flot.image.min.js" server="www.virtualyard.net/httpdocs/" local="3440099814" remote="-4611698556249158984" Dst="-1" /><file name="jquery.flot.min.js" server="www.virtualyard.net/httpdocs/" local="3440099814" remote="-4611698556249158984" Dst="-1" /><file name="jquery.flot.navigate.js" server="www.virtualyard.net/httpdocs/" local="3440099814" remote="-4611698556249158984" Dst="-1" /><file name="jquery.flot.js" server="www.virtualyard.net/httpdocs/" local="3440099810" remote="-4611698556249158984" Dst="-1" /><file name="jquery.flot.navigate.min.js" server="www.virtualyard.net/httpdocs/" local="3440099814" remote="-4611698556249158984" Dst="-1" /><file name="jquery.flot.pie.js" server="www.virtualyard.net/httpdocs/" local="3440099814" remote="-4611698556249158984" Dst="-1" /><file name="jquery.flot.pie.min.js" server="www.virtualyard.net/httpdocs/" local="3440099814" remote="-4611698556249158984" Dst="-1" /><file name="jquery.flot.resize.js" server="www.virtualyard.net/httpdocs/" local="3440099814" remote="-4611698556249158984" Dst="-1" /><file name="jquery.flot.resize.min.js" server="www.virtualyard.net/httpdocs/" local="3440099814" remote="-4611698556249158984" Dst="-1" /><file name="jquery.flot.selection.js" server="www.virtualyard.net/httpdocs/" local="3440099814" remote="-4611698556249158984" Dst="-1" /><file name="jquery.flot.selection.min.js" server="www.virtualyard.net/httpdocs/" local="3440099814" remote="-4611698556249158984" Dst="-1" /><file name="jquery.flot.symbol.js" server="www.virtualyard.net/httpdocs/" local="3440099814" remote="-4611698556249158984" Dst="-1" /><file name="jquery.flot.stack.js" server="www.virtualyard.net/httpdocs/" local="3440099814" remote="-4611698556249158984" Dst="-1" /><file name="jquery.flot.stack.min.js" server="www.virtualyard.net/httpdocs/" local="3440099814" remote="-4611698556249158984" Dst="-1" /><file name="jquery.flot.symbol.min.js" server="www.virtualyard.net/httpdocs/" local="3440099814" remote="-4611698556249158984" Dst="-1" /><file name="jquery.flot.threshold.js" server="www.virtualyard.net/httpdocs/" local="3440099814" remote="-4611698556249158984" Dst="-1" /><file name="jquery.flot.threshold.min.js" server="www.virtualyard.net/httpdocs/" local="3440099814" remote="-4611698556249158984" Dst="-1" /><file name="excanvas.min.js" server="www.virtualyard.net/play/" local="3440099814" remote="7777703176" Dst="-1" /><file name="excanvas.js" server="www.virtualyard.net/play/" local="3440099814" remote="-4611698556249156344" Dst="-1" /><file name="jquery.colorhelpers.js" server="www.virtualyard.net/play/" local="3440099814" remote="-4611698556249156344" Dst="-1" /><file name="jquery.colorhelpers.min.js" server="www.virtualyard.net/play/" local="3440099814" remote="-4611698556249156344" Dst="-1" /><file name="jquery.flot.crosshair.js" server="www.virtualyard.net/play/" local="3440099814" remote="-4611698556249156344" Dst="-1" /><file name="jquery.flot.crosshair.min.js" server="www.virtualyard.net/play/" local="3440099814" remote="-4611698556249156344" Dst="-1" /><file name="jquery.flot.fillbetween.js" server="www.virtualyard.net/play/" local="3440099814" remote="-4611698556249156344" Dst="-1" /><file name="jquery.flot.fillbetween.min.js" server="www.virtualyard.net/play/" local="3440099814" remote="-4611698556249156344" Dst="-1" /><file name="jquery.flot.image.js" server="www.virtualyard.net/play/" local="3440099814" remote="-4611698556249156344" Dst="-1" /><file name="jquery.flot.image.min.js" server="www.virtualyard.net/play/" local="3440099814" remote="-4611698556249156344" Dst="-1" /><file name="jquery.flot.min.js" server="www.virtualyard.net/play/" local="3440099814" remote="-4611698556249156344" Dst="-1" /><file name="jquery.flot.navigate.js" server="www.virtualyard.net/play/" local="3440099814" remote="-4611698556249156344" Dst="-1" /><file name="jquery.flot.js" server="www.virtualyard.net/play/" local="3440099810" remote="-4611698556249156344" Dst="-1" /><file name="jquery.flot.navigate.min.js" server="www.virtualyard.net/play/" local="3440099814" remote="-4611698556249156344" Dst="-1" /><file name="jquery.flot.pie.js" server="www.virtualyard.net/play/" local="3440099814" remote="-4611698556249156344" Dst="-1" /><file name="jquery.flot.pie.min.js" server="www.virtualyard.net/play/" local="3440099814" remote="-4611698556249156344" Dst="-1" /><file name="jquery.flot.resize.js" server="www.virtualyard.net/play/" local="3440099814" remote="-4611698556249156344" Dst="-1" /><file name="jquery.flot.resize.min.js" server="www.virtualyard.net/play/" local="3440099814" remote="-4611698556249156344" Dst="-1" /><file name="jquery.flot.selection.js" server="www.virtualyard.net/play/" local="3440099814" remote="-4611698556249156344" Dst="-1" /><file name="jquery.flot.selection.min.js" server="www.virtualyard.net/play/" local="3440099814" remote="-4611698556249156344" Dst="-1" /><file name="jquery.flot.stack.js" server="www.virtualyard.net/play/" local="3440099814" remote="-4611698556249156344" Dst="-1" /><file name="jquery.flot.stack.min.js" server="www.virtualyard.net/play/" local="3440099814" remote="-4611698556249156344" Dst="-1" /><file name="jquery.flot.symbol.js" server="www.virtualyard.net/play/" local="3440099814" remote="-4611698556249156344" Dst="-1" /><file name="jquery.flot.threshold.js" server="www.virtualyard.net/play/" local="3440099814" remote="-4611698556249156344" Dst="-1" /><file name="jquery.flot.threshold.min.js" server="www.virtualyard.net/play/" local="3440099814" remote="-4611698556249156344" Dst="-1" /><file name="jquery.flot.symbol.min.js" server="www.virtualyard.net/play/" local="3440099814" remote="-4611698556249156344" Dst="-1" /><file name="excanvas.js" server="5.10.120.132//var/www/html/" local="3440099814" remote="7786916476" Dst="-1" /><file name="excanvas.min.js" server="5.10.120.132//var/www/html/" local="3440099814" remote="-4611698556239943044" Dst="-1" /><file name="jquery.colorhelpers.js" server="5.10.120.132//var/www/html/" local="3440099814" remote="-4611698556239943044" Dst="-1" /><file name="jquery.colorhelpers.min.js" server="5.10.120.132//var/www/html/" local="3440099814" remote="7786916476" Dst="-1" /><file name="jquery.flot.crosshair.js" server="5.10.120.132//var/www/html/" local="3440099814" remote="-4611698556239943044" Dst="-1" /><file name="jquery.flot.crosshair.min.js" server="5.10.120.132//var/www/html/" local="3440099814" remote="-4611698556239943044" Dst="-1" /><file name="jquery.flot.fillbetween.js" server="5.10.120.132//var/www/html/" local="3440099814" remote="-4611698556239942984" Dst="-1" /><file name="jquery.flot.fillbetween.min.js" server="5.10.120.132//var/www/html/" local="3440099814" remote="-4611698556239942984" Dst="-1" /><file name="jquery.flot.image.js" server="5.10.120.132//var/www/html/" local="3440099814" remote="7786916536" Dst="-1" /><file name="jquery.flot.image.min.js" server="5.10.120.132//var/www/html/" local="3440099814" remote="-4611698556239942984" Dst="-1" /><file name="jquery.flot.navigate.js" server="5.10.120.132//var/www/html/" local="3440099814" remote="-4611698556239942984" Dst="-1" /><file name="jquery.flot.min.js" server="5.10.120.132//var/www/html/" local="3440099814" remote="-4611698556239942984" Dst="-1" /><file name="jquery.flot.navigate.min.js" server="5.10.120.132//var/www/html/" local="3440099814" remote="-4611698556239942984" Dst="-1" /><file name="jquery.flot.pie.js" server="5.10.120.132//var/www/html/" local="3440099814" remote="7786916536" Dst="-1" /><file name="jquery.flot.pie.min.js" server="5.10.120.132//var/www/html/" local="3440099814" remote="-4611698556239942984" Dst="-1" /><file name="jquery.flot.js" server="5.10.120.132//var/www/html/" local="3440099810" remote="-4611698556239942984" Dst="-1" /><file name="jquery.flot.resize.js" server="5.10.120.132//var/www/html/" local="3440099814" remote="-4611698556239942984" Dst="-1" /><file name="jquery.flot.resize.min.js" server="5.10.120.132//var/www/html/" local="3440099814" remote="-4611698556239942984" Dst="-1" /><file name="jquery.flot.selection.js" server="5.10.120.132//var/www/html/" local="3440099814" remote="-4611698556239942984" Dst="-1" /><file name="jquery.flot.selection.min.js" server="5.10.120.132//var/www/html/" local="3440099814" remote="-4611698556239942984" Dst="-1" /><file name="jquery.flot.stack.js" server="5.10.120.132//var/www/html/" local="3440099814" remote="-4611698556239942984" Dst="-1" /><file name="jquery.flot.stack.min.js" server="5.10.120.132//var/www/html/" local="3440099814" remote="-4611698556239942984" Dst="-1" /><file name="jquery.flot.symbol.js" server="5.10.120.132//var/www/html/" local="3440099814" remote="-4611698556239942984" Dst="-1" /><file name="jquery.flot.symbol.min.js" server="5.10.120.132//var/www/html/" local="3440099814" remote="-4611698556239942984" Dst="-1" /><file name="jquery.flot.threshold.js" server="5.10.120.132//var/www/html/" local="3440099814" remote="7786916536" Dst="-1" /><file name="jquery.flot.threshold.min.js" server="5.10.120.132//var/www/html/" local="3440099814" remote="-4611698556239942984" Dst="-1" /><file name="excanvas.js" server="67.205.74.233" local="3440099814" remote="7789867336" Dst="-1" /><file name="excanvas.min.js" server="67.205.74.233" local="3440099814" remote="-4611698831114899128" Dst="-1" /><file name="jquery.colorhelpers.js" server="67.205.74.233" local="3440099814" remote="-4611698831114899128" Dst="-1" /><file name="jquery.colorhelpers.min.js" server="67.205.74.233" local="3440099814" remote="-4611698831114899128" Dst="-1" /><file name="jquery.flot.crosshair.js" server="67.205.74.233" local="3440099814" remote="-4611698831114899068" Dst="-1" /><file name="jquery.flot.crosshair.min.js" server="67.205.74.233" local="3440099814" remote="-4611698831114899068" Dst="-1" /><file name="jquery.flot.fillbetween.js" server="67.205.74.233" local="3440099814" remote="7789867396" Dst="-1" /><file name="jquery.flot.fillbetween.min.js" server="67.205.74.233" local="3440099814" remote="-4611698831114899068" Dst="-1" /><file name="jquery.flot.image.js" server="67.205.74.233" local="3440099814" remote="-4611698831114899068" Dst="-1" /><file name="jquery.flot.image.min.js" server="67.205.74.233" local="3440099814" remote="-4611698831114899068" Dst="-1" /><file name="jquery.flot.js" server="67.205.74.233" local="3440099810" remote="-4611698831114899068" Dst="-1" /><file name="jquery.flot.navigate.js" server="67.205.74.233" local="3440099814" remote="-4611698831114899068" Dst="-1" /><file name="jquery.flot.min.js" server="67.205.74.233" local="3440099814" remote="-4611698831114899068" Dst="-1" /><file name="jquery.flot.navigate.min.js" server="67.205.74.233" local="3440099814" remote="-4611698831114899068" Dst="-1" /><file name="jquery.flot.pie.js" server="67.205.74.233" local="3440099814" remote="-4611698831114899068" Dst="-1" /><file name="jquery.flot.pie.min.js" server="67.205.74.233" local="3440099814" remote="-4611698831114899068" Dst="-1" /><file name="jquery.flot.resize.js" server="67.205.74.233" local="3440099814" remote="-4611698831114899068" Dst="-1" /><file name="jquery.flot.resize.min.js" server="67.205.74.233" local="3440099814" remote="-4611698831114899068" Dst="-1" /><file name="jquery.flot.selection.js" server="67.205.74.233" local="3440099814" remote="-4611698831114899068" Dst="-1" /><file name="jquery.flot.selection.min.js" server="67.205.74.233" local="3440099814" remote="-4611698831114899068" Dst="-1" /><file name="jquery.flot.stack.js" server="67.205.74.233" local="3440099814" remote="-4611698831114899068" Dst="-1" /><file name="jquery.flot.stack.min.js" server="67.205.74.233" local="3440099814" remote="-4611698831114899068" Dst="-1" /><file name="jquery.flot.symbol.js" server="67.205.74.233" local="3440099814" remote="-4611698831114899068" Dst="-1" /><file name="jquery.flot.symbol.min.js" server="67.205.74.233" local="3440099814" remote="-4611698831114899068" Dst="-1" /><file name="jquery.flot.threshold.js" server="67.205.74.233" local="3440099814" remote="-4611698831114899068" Dst="-1" /><file name="jquery.flot.threshold.min.js" server="67.205.74.233" local="3440099814" remote="-4611698831114899068" Dst="-1" /><file name="excanvas.js" server="104.239.143.84//var/www/enginepoker.com/" local="3440099814" remote="3546898733" Dst="-1" /><file name="excanvas.min.js" server="104.239.143.84//var/www/enginepoker.com/" local="3440099814" remote="3546898734" Dst="-1" /><file name="jquery.colorhelpers.js" server="104.239.143.84//var/www/enginepoker.com/" local="3440099814" remote="3546898735" Dst="-1" /><file name="jquery.colorhelpers.min.js" server="104.239.143.84//var/www/enginepoker.com/" local="3440099814" remote="3546898736" Dst="-1" /><file name="jquery.flot.crosshair.js" server="104.239.143.84//var/www/enginepoker.com/" local="3440099814" remote="3546898737" Dst="-1" /><file name="jquery.flot.crosshair.min.js" server="104.239.143.84//var/www/enginepoker.com/" local="3440099814" remote="3546898738" Dst="-1" /><file name="jquery.flot.fillbetween.js" server="104.239.143.84//var/www/enginepoker.com/" local="3440099814" remote="3546898739" Dst="-1" /><file name="jquery.flot.fillbetween.min.js" server="104.239.143.84//var/www/enginepoker.com/" local="3440099814" remote="3546898739" Dst="-1" /><file name="jquery.flot.image.js" server="104.239.143.84//var/www/enginepoker.com/" local="3440099814" remote="3546898740" Dst="-1" /><file name="jquery.flot.image.min.js" server="104.239.143.84//var/www/enginepoker.com/" local="3440099814" remote="3546898741" Dst="-1" /><file name="jquery.flot.js" server="104.239.143.84//var/www/enginepoker.com/" local="3440099810" remote="3546898743" Dst="-1" /><file name="jquery.flot.min.js" server="104.239.143.84//var/www/enginepoker.com/" local="3440099814" remote="3546898744" Dst="-1" /><file name="jquery.flot.navigate.js" server="104.239.143.84//var/www/enginepoker.com/" local="3440099814" remote="3546898745" Dst="-1" /><file name="jquery.flot.navigate.min.js" server="104.239.143.84//var/www/enginepoker.com/" local="3440099814" remote="3546898746" Dst="-1" /><file name="jquery.flot.pie.js" server="104.239.143.84//var/www/enginepoker.com/" local="3440099814" remote="3546898747" Dst="-1" /><file name="jquery.flot.pie.min.js" server="104.239.143.84//var/www/enginepoker.com/" local="3440099814" remote="3546898748" Dst="-1" /><file name="jquery.flot.resize.js" server="104.239.143.84//var/www/enginepoker.com/" local="3440099814" remote="3546898749" Dst="-1" /><file name="jquery.flot.resize.min.js" server="104.239.143.84//var/www/enginepoker.com/" local="3440099814" remote="3546898749" Dst="-1" /><file name="jquery.flot.selection.js" server="104.239.143.84//var/www/enginepoker.com/" local="3440099814" remote="3546898750" Dst="-1" /><file name="jquery.flot.selection.min.js" server="104.239.143.84//var/www/enginepoker.com/" local="3440099814" remote="3546898751" Dst="-1" /><file name="jquery.flot.stack.js" server="104.239.143.84//var/www/enginepoker.com/" local="3440099814" remote="3546898752" Dst="-1" /><file name="jquery.flot.stack.min.js" server="104.239.143.84//var/www/enginepoker.com/" local="3440099814" remote="3546898753" Dst="-1" /><file name="jquery.flot.symbol.js" server="104.239.143.84//var/www/enginepoker.com/" local="3440099814" remote="3546898754" Dst="-1" /><file name="jquery.flot.symbol.min.js" server="104.239.143.84//var/www/enginepoker.com/" local="3440099814" remote="3546898755" Dst="-1" /><file name="jquery.flot.threshold.js" server="104.239.143.84//var/www/enginepoker.com/" local="3440099814" remote="3546898756" Dst="-1" /><file name="jquery.flot.threshold.min.js" server="104.239.143.84//var/www/enginepoker.com/" local="3440099814" remote="3546898756" Dst="-1" /></dwsync>