<?xml version="1.0" encoding="utf-8" ?><dwsync><file name="avatar1.jpg" server="www.internationalworldpoker.com/httpdocs/" local="3405904260" remote="20585773444" Dst="-1" /><file name="avatar10.jpg" server="www.internationalworldpoker.com/httpdocs/" local="3405904260" remote="20585773444" Dst="-1" /><file name="avatar11.jpg" server="www.internationalworldpoker.com/httpdocs/" local="3405904260" remote="20585773444" Dst="-1" /><file name="avatar12.jpg" server="www.internationalworldpoker.com/httpdocs/" local="3405904260" remote="20585773444" Dst="-1" /><file name="avatar13.jpg" server="www.internationalworldpoker.com/httpdocs/" local="3405904260" remote="20585773444" Dst="-1" /><file name="avatar14.jpg" server="www.internationalworldpoker.com/httpdocs/" local="3405904260" remote="20585773444" Dst="-1" /><file name="avatar15.jpg" server="www.internationalworldpoker.com/httpdocs/" local="3405904260" remote="20585773444" Dst="-1" /><file name="avatar16.jpg" server="www.internationalworldpoker.com/httpdocs/" local="3405904260" remote="20585773444" Dst="-1" /><file name="avatar2.jpg" server="www.internationalworldpoker.com/httpdocs/" local="3405904260" remote="20585773444" Dst="-1" /><file name="avatar3.jpg" server="www.internationalworldpoker.com/httpdocs/" local="3405904260" remote="20585773444" Dst="-1" /><file name="avatar4.jpg" server="www.internationalworldpoker.com/httpdocs/" local="3405904260" remote="20585773444" Dst="-1" /><file name="avatar5.jpg" server="www.internationalworldpoker.com/httpdocs/" local="3405904260" remote="20585773444" Dst="-1" /><file name="avatar6.jpg" server="www.internationalworldpoker.com/httpdocs/" local="3405904260" remote="20585773444" Dst="-1" /><file name="avatar7.jpg" server="www.internationalworldpoker.com/httpdocs/" local="3405904260" remote="20585773444" Dst="-1" /><file name="avatar8.jpg" server="www.internationalworldpoker.com/httpdocs/" local="3405904260" remote="20585773444" Dst="-1" /><file name="avatar9.jpg" server="www.internationalworldpoker.com/httpdocs/" local="3405904260" remote="20585773444" Dst="-1" /><file name="Thumbs.db" server="www.internationalworldpoker.com/httpdocs/" local="3405904260" remote="20585773444" Dst="-1" /><file name="avatar1.jpg" server="www.worldpokerallstars.com/httpdocs/" local="3405904260" remote="11995906772" Dst="-1" /><file name="avatar10.jpg" server="www.worldpokerallstars.com/httpdocs/" local="3405904260" remote="11995906772" Dst="-1" /><file name="avatar11.jpg" server="www.worldpokerallstars.com/httpdocs/" local="3405904260" remote="11995906772" Dst="-1" /><file name="avatar12.jpg" server="www.worldpokerallstars.com/httpdocs/" local="3405904260" remote="11995906772" Dst="-1" /><file name="avatar13.jpg" server="www.worldpokerallstars.com/httpdocs/" local="3405904260" remote="11995906772" Dst="-1" /><file name="avatar14.jpg" server="www.worldpokerallstars.com/httpdocs/" local="3405904260" remote="11995906772" Dst="-1" /><file name="avatar15.jpg" server="www.worldpokerallstars.com/httpdocs/" local="3405904260" remote="11995906772" Dst="-1" /><file name="avatar16.jpg" server="www.worldpokerallstars.com/httpdocs/" local="3405904260" remote="11995906772" Dst="-1" /><file name="avatar2.jpg" server="www.worldpokerallstars.com/httpdocs/" local="3405904260" remote="11995906772" Dst="-1" /><file name="avatar3.jpg" server="www.worldpokerallstars.com/httpdocs/" local="3405904260" remote="11995906772" Dst="-1" /><file name="avatar4.jpg" server="www.worldpokerallstars.com/httpdocs/" local="3405904260" remote="11995906772" Dst="-1" /><file name="avatar5.jpg" server="www.worldpokerallstars.com/httpdocs/" local="3405904260" remote="11995906772" Dst="-1" /><file name="avatar6.jpg" server="www.worldpokerallstars.com/httpdocs/" local="3405904260" remote="11995906772" Dst="-1" /><file name="avatar7.jpg" server="www.worldpokerallstars.com/httpdocs/" local="3405904260" remote="11995906772" Dst="-1" /><file name="avatar8.jpg" server="www.worldpokerallstars.com/httpdocs/" local="3405904260" remote="11995906772" Dst="-1" /><file name="avatar9.jpg" server="www.worldpokerallstars.com/httpdocs/" local="3405904260" remote="11995906772" Dst="-1" /><file name="Thumbs.db" server="www.worldpokerallstars.com/httpdocs/" local="3405904260" remote="11995906772" Dst="-1" /><file name="avatar.jpg" server="www.888pokerstars.com//admin.888pokerstars.com/" local="3407297907" remote="-4611698556261204704" Dst="-1" /><file name="avatar1.jpg" server="www.888pokerstars.com//admin.888pokerstars.com/" local="3425285903" remote="-4611698556261204704" Dst="-1" /><file name="avatar10.jpg" server="www.888pokerstars.com//admin.888pokerstars.com/" local="3425286065" remote="-4611698556261204704" Dst="-1" /><file name="avatar11.jpg" server="www.888pokerstars.com//admin.888pokerstars.com/" local="3425286105" remote="-4611698556261204704" Dst="-1" /><file name="avatar12.jpg" server="www.888pokerstars.com//admin.888pokerstars.com/" local="3425286155" remote="-4611698556261204704" Dst="-1" /><file name="avatar13.jpg" server="www.888pokerstars.com//admin.888pokerstars.com/" local="3425286170" remote="-4611698556261204704" Dst="-1" /><file name="avatar15.jpg" server="www.888pokerstars.com//admin.888pokerstars.com/" local="3425286359" remote="-4611698556261204704" Dst="-1" /><file name="avatar14.jpg" server="www.888pokerstars.com//admin.888pokerstars.com/" local="3425286338" remote="-4611698556261204704" Dst="-1" /><file name="avatar.psd" server="www.888pokerstars.com//admin.888pokerstars.com/" local="3407435881" remote="-4611698556261204704" Dst="-1" /><file name="avatar16.jpg" server="www.888pokerstars.com//admin.888pokerstars.com/" local="3425286389" remote="-4611698556261204704" Dst="-1" /><file name="avatar2.jpg" server="www.888pokerstars.com//admin.888pokerstars.com/" local="3425285932" remote="-4611698556261204704" Dst="-1" /><file name="avatar3.jpg" server="www.888pokerstars.com//admin.888pokerstars.com/" local="3425285955" remote="-4611698556261204704" Dst="-1" /><file name="avatar4.jpg" server="www.888pokerstars.com//admin.888pokerstars.com/" local="3425285969" remote="-4611698556261204704" Dst="-1" /><file name="avatar5.jpg" server="www.888pokerstars.com//admin.888pokerstars.com/" local="3425285984" remote="-4611698556261204704" Dst="-1" /><file name="avatar6.jpg" server="www.888pokerstars.com//admin.888pokerstars.com/" local="3425286000" remote="-4611698556261204704" Dst="-1" /><file name="avatar7.jpg" server="www.888pokerstars.com//admin.888pokerstars.com/" local="3425286015" remote="-4611698556261204704" Dst="-1" /><file name="avatar8.jpg" server="www.888pokerstars.com//admin.888pokerstars.com/" local="3425286028" remote="-4611698556261204704" Dst="-1" /><file name="avatar9.jpg" server="www.888pokerstars.com//admin.888pokerstars.com/" local="3425286043" remote="-4611698556261204704" Dst="-1" /><file name="Thumbs.db" server="www.888pokerstars.com//admin.888pokerstars.com/" local="3405904260" remote="-4611698556261204704" Dst="-1" /><file name="avatar.jpg" server="www.888bitcoinpoker.com//my/" local="3407297907" remote="-4611699243453633324" Dst="-1" /><file name="avatar1.jpg" server="www.888bitcoinpoker.com//my/" local="3425285903" remote="-4611699243453633324" Dst="-1" /><file name="avatar10.jpg" server="www.888bitcoinpoker.com//my/" local="3425286065" remote="-4611699243453633324" Dst="-1" /><file name="avatar11.jpg" server="www.888bitcoinpoker.com//my/" local="3425286105" remote="-4611699243453633324" Dst="-1" /><file name="avatar12.jpg" server="www.888bitcoinpoker.com//my/" local="3425286155" remote="-4611699243453633324" Dst="-1" /><file name="avatar13.jpg" server="www.888bitcoinpoker.com//my/" local="3425286170" remote="-4611699243453633324" Dst="-1" /><file name="avatar14.jpg" server="www.888bitcoinpoker.com//my/" local="3425286338" remote="-4611699243453633324" Dst="-1" /><file name="avatar15.jpg" server="www.888bitcoinpoker.com//my/" local="3425286359" remote="-4611699243453633324" Dst="-1" /><file name="avatar16.jpg" server="www.888bitcoinpoker.com//my/" local="3425286389" remote="-4611699243453633324" Dst="-1" /><file name="avatar2.jpg" server="www.888bitcoinpoker.com//my/" local="3425285932" remote="-4611699243453633324" Dst="-1" /><file name="avatar3.jpg" server="www.888bitcoinpoker.com//my/" local="3425285955" remote="-4611699243453633324" Dst="-1" /><file name="avatar4.jpg" server="www.888bitcoinpoker.com//my/" local="3425285969" remote="-4611699243453633324" Dst="-1" /><file name="avatar5.jpg" server="www.888bitcoinpoker.com//my/" local="3425285984" remote="-4611699243453633324" Dst="-1" /><file name="avatar6.jpg" server="www.888bitcoinpoker.com//my/" local="3425286000" remote="-4611699243453633324" Dst="-1" /><file name="avatar7.jpg" server="www.888bitcoinpoker.com//my/" local="3425286015" remote="-4611699243453633324" Dst="-1" /><file name="avatar8.jpg" server="www.888bitcoinpoker.com//my/" local="3425286028" remote="-4611699243453633324" Dst="-1" /><file name="avatar9.jpg" server="www.888bitcoinpoker.com//my/" local="3425286043" remote="-4611699243453633324" Dst="-1" /><file name="Thumbs.db" server="www.888bitcoinpoker.com//my/" local="3405904260" remote="-4611699243453633324" Dst="-1" /><file name="avatar.psd" server="www.888bitcoinpoker.com//my/" local="3407435881" remote="7767993556" Dst="-1" /><file name="avatar.jpg" server="www.virtualyard.net/httpdocs/" local="3407297907" remote="-4611698556249159044" Dst="-1" /><file name="avatar10.jpg" server="www.virtualyard.net/httpdocs/" local="3425286065" remote="-4611698556249159044" Dst="-1" /><file name="avatar11.jpg" server="www.virtualyard.net/httpdocs/" local="3425286105" remote="-4611698556249159044" Dst="-1" /><file name="avatar1.jpg" server="www.virtualyard.net/httpdocs/" local="3425285903" remote="-4611698556249159044" Dst="-1" /><file name="avatar12.jpg" server="www.virtualyard.net/httpdocs/" local="3425286155" remote="-4611698556249159044" Dst="-1" /><file name="avatar13.jpg" server="www.virtualyard.net/httpdocs/" local="3425286170" remote="-4611698556249159044" Dst="-1" /><file name="avatar14.jpg" server="www.virtualyard.net/httpdocs/" local="3425286338" remote="-4611698556249159044" Dst="-1" /><file name="avatar15.jpg" server="www.virtualyard.net/httpdocs/" local="3425286359" remote="-4611698556249159044" Dst="-1" /><file name="avatar16.jpg" server="www.virtualyard.net/httpdocs/" local="3425286389" remote="-4611698556249159044" Dst="-1" /><file name="avatar2.jpg" server="www.virtualyard.net/httpdocs/" local="3425285932" remote="-4611698556249159044" Dst="-1" /><file name="avatar3.jpg" server="www.virtualyard.net/httpdocs/" local="3425285955" remote="-4611698556249159044" Dst="-1" /><file name="avatar4.jpg" server="www.virtualyard.net/httpdocs/" local="3425285969" remote="-4611698556249159044" Dst="-1" /><file name="avatar5.jpg" server="www.virtualyard.net/httpdocs/" local="3425285984" remote="-4611698556249159044" Dst="-1" /><file name="avatar6.jpg" server="www.virtualyard.net/httpdocs/" local="3425286000" remote="-4611698556249159044" Dst="-1" /><file name="avatar7.jpg" server="www.virtualyard.net/httpdocs/" local="3425286015" remote="-4611698556249159044" Dst="-1" /><file name="avatar8.jpg" server="www.virtualyard.net/httpdocs/" local="3425286028" remote="-4611698556249159044" Dst="-1" /><file name="avatar9.jpg" server="www.virtualyard.net/httpdocs/" local="3425286043" remote="-4611698556249159044" Dst="-1" /><file name="Thumbs.db" server="www.virtualyard.net/httpdocs/" local="3405904260" remote="-4611698556249159044" Dst="-1" /><file name="avatar.jpg" server="www.virtualyard.net/play/" local="3407297907" remote="7777702996" Dst="-1" /><file name="avatar10.jpg" server="www.virtualyard.net/play/" local="3425286065" remote="7777702996" Dst="-1" /><file name="avatar1.jpg" server="www.virtualyard.net/play/" local="3425285903" remote="-4611698556249156524" Dst="-1" /><file name="avatar11.jpg" server="www.virtualyard.net/play/" local="3425286105" remote="-4611698556249156524" Dst="-1" /><file name="avatar12.jpg" server="www.virtualyard.net/play/" local="3425286155" remote="-4611698556249156524" Dst="-1" /><file name="avatar13.jpg" server="www.virtualyard.net/play/" local="3425286170" remote="-4611698556249156524" Dst="-1" /><file name="avatar14.jpg" server="www.virtualyard.net/play/" local="3425286338" remote="-4611698556249156524" Dst="-1" /><file name="avatar16.jpg" server="www.virtualyard.net/play/" local="3425286389" remote="-4611698556249156524" Dst="-1" /><file name="avatar15.jpg" server="www.virtualyard.net/play/" local="3425286359" remote="-4611698556249156524" Dst="-1" /><file name="avatar2.jpg" server="www.virtualyard.net/play/" local="3425285932" remote="-4611698556249156524" Dst="-1" /><file name="avatar3.jpg" server="www.virtualyard.net/play/" local="3425285955" remote="-4611698556249156524" Dst="-1" /><file name="avatar4.jpg" server="www.virtualyard.net/play/" local="3425285969" remote="-4611698556249156524" Dst="-1" /><file name="avatar5.jpg" server="www.virtualyard.net/play/" local="3425285984" remote="-4611698556249156524" Dst="-1" /><file name="avatar6.jpg" server="www.virtualyard.net/play/" local="3425286000" remote="-4611698556249156524" Dst="-1" /><file name="avatar7.jpg" server="www.virtualyard.net/play/" local="3425286015" remote="-4611698556249156524" Dst="-1" /><file name="avatar8.jpg" server="www.virtualyard.net/play/" local="3425286028" remote="-4611698556249156524" Dst="-1" /><file name="avatar9.jpg" server="www.virtualyard.net/play/" local="3425286043" remote="-4611698556249156524" Dst="-1" /><file name="Thumbs.db" server="www.virtualyard.net/play/" local="3405904260" remote="-4611698556249156524" Dst="-1" /><file name="avatar.jpg" server="5.10.120.132//home/kadir/" local="3407297907" remote="-4611745079325729076" Dst="-1" /><file name="avatar1.jpg" server="5.10.120.132//home/kadir/" local="3425285903" remote="-4611745079325729076" Dst="-1" /><file name="avatar10.jpg" server="5.10.120.132//home/kadir/" local="3425286065" remote="-4611745079325729076" Dst="-1" /><file name="avatar11.jpg" server="5.10.120.132//home/kadir/" local="3425286105" remote="-4611745079325729076" Dst="-1" /><file name="avatar12.jpg" server="5.10.120.132//home/kadir/" local="3425286155" remote="-4611745079325729076" Dst="-1" /><file name="avatar13.jpg" server="5.10.120.132//home/kadir/" local="3425286170" remote="-4611745079325729076" Dst="-1" /><file name="avatar14.jpg" server="5.10.120.132//home/kadir/" local="3425286338" remote="-4611745079325729076" Dst="-1" /><file name="avatar15.jpg" server="5.10.120.132//home/kadir/" local="3425286359" remote="-4611745079325729076" Dst="-1" /><file name="avatar16.jpg" server="5.10.120.132//home/kadir/" local="3425286389" remote="-4611745079325729076" Dst="-1" /><file name="avatar2.jpg" server="5.10.120.132//home/kadir/" local="3425285932" remote="-4611745079325729076" Dst="-1" /><file name="avatar3.jpg" server="5.10.120.132//home/kadir/" local="3425285955" remote="-4611745079325729076" Dst="-1" /><file name="avatar4.jpg" server="5.10.120.132//home/kadir/" local="3425285969" remote="-4611745079325729076" Dst="-1" /><file name="avatar5.jpg" server="5.10.120.132//home/kadir/" local="3425285984" remote="-4611745079325729076" Dst="-1" /><file name="avatar6.jpg" server="5.10.120.132//home/kadir/" local="3425286000" remote="-4611745079325729076" Dst="-1" /><file name="avatar7.jpg" server="5.10.120.132//home/kadir/" local="3425286015" remote="-4611745079325729076" Dst="-1" /><file name="avatar8.jpg" server="5.10.120.132//home/kadir/" local="3425286028" remote="-4611745079325729076" Dst="-1" /><file name="avatar9.jpg" server="5.10.120.132//home/kadir/" local="3425286043" remote="-4611745079325729076" Dst="-1" /><file name="Thumbs.db" server="5.10.120.132//home/kadir/" local="3405904260" remote="-4611745079325729016" Dst="-1" /><file name="avatar.psd" server="5.10.120.132//home/kadir/" local="3407435881" remote="-4611745079325729016" Dst="-1" /><file name="avatar.jpg" server="5.10.120.132//var/www/html/" local="3407297907" remote="7786915636" Dst="-1" /><file name="avatar10.jpg" server="5.10.120.132//var/www/html/" local="3425286065" remote="7786915636" Dst="-1" /><file name="avatar1.jpg" server="5.10.120.132//var/www/html/" local="3425285903" remote="-4611698556239943884" Dst="-1" /><file name="avatar11.jpg" server="5.10.120.132//var/www/html/" local="3425286105" remote="-4611698556239943884" Dst="-1" /><file name="avatar12.jpg" server="5.10.120.132//var/www/html/" local="3425286155" remote="-4611698556239943884" Dst="-1" /><file name="avatar13.jpg" server="5.10.120.132//var/www/html/" local="3425286170" remote="-4611698556239943884" Dst="-1" /><file name="avatar14.jpg" server="5.10.120.132//var/www/html/" local="3425286338" remote="-4611698556239943884" Dst="-1" /><file name="avatar15.jpg" server="5.10.120.132//var/www/html/" local="3425286359" remote="-4611698556239943884" Dst="-1" /><file name="avatar16.jpg" server="5.10.120.132//var/www/html/" local="3425286389" remote="-4611698556239943884" Dst="-1" /><file name="avatar2.jpg" server="5.10.120.132//var/www/html/" local="3425285932" remote="-4611698556239943824" Dst="-1" /><file name="avatar3.jpg" server="5.10.120.132//var/www/html/" local="3425285955" remote="-4611698556239943824" Dst="-1" /><file name="avatar4.jpg" server="5.10.120.132//var/www/html/" local="3425285969" remote="-4611698556239943824" Dst="-1" /><file name="avatar5.jpg" server="5.10.120.132//var/www/html/" local="3425285984" remote="-4611698556239943824" Dst="-1" /><file name="avatar6.jpg" server="5.10.120.132//var/www/html/" local="3425286000" remote="-4611698556239943824" Dst="-1" /><file name="avatar7.jpg" server="5.10.120.132//var/www/html/" local="3425286015" remote="-4611698556239943824" Dst="-1" /><file name="avatar8.jpg" server="5.10.120.132//var/www/html/" local="3425286028" remote="-4611698556239943824" Dst="-1" /><file name="avatar9.jpg" server="5.10.120.132//var/www/html/" local="3425286043" remote="-4611698556239943824" Dst="-1" /><file name="Thumbs.db" server="5.10.120.132//var/www/html/" local="3405904260" remote="-4611698556239943824" Dst="-1" /><file name="avatar.psd" server="5.10.120.132//var/www/html/" local="3407435881" remote="7786915756" Dst="-1" /><file name="avatar.jpg" server="67.205.74.233" local="3407297907" remote="-4611698831114899908" Dst="-1" /><file name="avatar1.jpg" server="67.205.74.233" local="3425285903" remote="-4611698831114899908" Dst="-1" /><file name="avatar10.jpg" server="67.205.74.233" local="3425286065" remote="-4611698831114899908" Dst="-1" /><file name="avatar11.jpg" server="67.205.74.233" local="3425286105" remote="-4611698831114899908" Dst="-1" /><file name="avatar12.jpg" server="67.205.74.233" local="3425286155" remote="-4611698831114899908" Dst="-1" /><file name="avatar13.jpg" server="67.205.74.233" local="3425286170" remote="-4611698831114899908" Dst="-1" /><file name="avatar14.jpg" server="67.205.74.233" local="3425286338" remote="-4611698831114899908" Dst="-1" /><file name="avatar15.jpg" server="67.205.74.233" local="3425286359" remote="-4611698831114899908" Dst="-1" /><file name="avatar16.jpg" server="67.205.74.233" local="3425286389" remote="-4611698831114899908" Dst="-1" /><file name="avatar2.jpg" server="67.205.74.233" local="3425285932" remote="-4611698831114899908" Dst="-1" /><file name="avatar3.jpg" server="67.205.74.233" local="3425285955" remote="-4611698831114899908" Dst="-1" /><file name="avatar4.jpg" server="67.205.74.233" local="3425285969" remote="-4611698831114899908" Dst="-1" /><file name="avatar5.jpg" server="67.205.74.233" local="3425285984" remote="-4611698831114899908" Dst="-1" /><file name="avatar6.jpg" server="67.205.74.233" local="3425286000" remote="-4611698831114899908" Dst="-1" /><file name="avatar7.jpg" server="67.205.74.233" local="3425286015" remote="-4611698831114899908" Dst="-1" /><file name="avatar8.jpg" server="67.205.74.233" local="3425286028" remote="-4611698831114899908" Dst="-1" /><file name="avatar9.jpg" server="67.205.74.233" local="3425286043" remote="-4611698831114899848" Dst="-1" /><file name="Thumbs.db" server="67.205.74.233" local="3405904260" remote="-4611698831114899848" Dst="-1" /><file name="avatar.psd" server="67.205.74.233" local="3407435881" remote="7789866616" Dst="-1" /><file name=".DS_Store" server="104.239.143.84//var/www/enginepoker.com/" local="3507044718" remote="3546898269" Dst="-1" /><file name="avatar.jpg" server="104.239.143.84//var/www/enginepoker.com/" local="3407297907" remote="3546898270" Dst="-1" /><file name="avatar.psd" server="104.239.143.84//var/www/enginepoker.com/" local="3407435881" remote="3546898279" Dst="-1" /><file name="avatar1.jpg" server="104.239.143.84//var/www/enginepoker.com/" local="3507013952" remote="3546898280" Dst="-1" /><file name="avatar10.jpg" server="104.239.143.84//var/www/enginepoker.com/" local="3507012985" remote="3546898281" Dst="-1" /><file name="avatar11.jpg" server="104.239.143.84//var/www/enginepoker.com/" local="3507013079" remote="3546898282" Dst="-1" /><file name="avatar12.jpg" server="104.239.143.84//var/www/enginepoker.com/" local="3507013007" remote="3546898283" Dst="-1" /><file name="avatar13.jpg" server="104.239.143.84//var/www/enginepoker.com/" local="3507013171" remote="3546898284" Dst="-1" /><file name="avatar14.jpg" server="104.239.143.84//var/www/enginepoker.com/" local="3507013053" remote="3546898285" Dst="-1" /><file name="avatar15.jpg" server="104.239.143.84//var/www/enginepoker.com/" local="3507013067" remote="3546898286" Dst="-1" /><file name="avatar16.jpg" server="104.239.143.84//var/www/enginepoker.com/" local="3507013112" remote="3546898286" Dst="-1" /><file name="avatar17.jpg" server="104.239.143.84//var/www/enginepoker.com/" local="3507013123" remote="3546898287" Dst="-1" /><file name="avatar2.jpg" server="104.239.143.84//var/www/enginepoker.com/" local="3507012824" remote="3546898288" Dst="-1" /><file name="avatar3.jpg" server="104.239.143.84//var/www/enginepoker.com/" local="3507012761" remote="3546898289" Dst="-1" /><file name="avatar4.jpg" server="104.239.143.84//var/www/enginepoker.com/" local="3507012649" remote="3546898290" Dst="-1" /><file name="avatar5.jpg" server="104.239.143.84//var/www/enginepoker.com/" local="3507012951" remote="3546898291" Dst="-1" /><file name="avatar6.jpg" server="104.239.143.84//var/www/enginepoker.com/" local="3507012790" remote="3546898292" Dst="-1" /><file name="avatar7.jpg" server="104.239.143.84//var/www/enginepoker.com/" local="3507012967" remote="3546898293" Dst="-1" /><file name="avatar8.jpg" server="104.239.143.84//var/www/enginepoker.com/" local="3507012839" remote="3546898294" Dst="-1" /><file name="avatar9.jpg" server="104.239.143.84//var/www/enginepoker.com/" local="3507012854" remote="3546898295" Dst="-1" /><file name="Thumbs.db" server="104.239.143.84//var/www/enginepoker.com/" local="3405904260" remote="3546898296" Dst="-1" /></dwsync>