<?xml version="1.0" encoding="utf-8" ?><dwsync><file name="animations.css" server="www.888pokerstars.com//admin.888pokerstars.com/" local="3440099814" remote="7765607056" Dst="-1" /><file name="base.css" server="www.888pokerstars.com//admin.888pokerstars.com/" local="3440099814" remote="-4611698556261252464" Dst="-1" /><file name="badges.css" server="www.888pokerstars.com//admin.888pokerstars.com/" local="3440099814" remote="-4611698556261252464" Dst="-1" /><file name="bootstrap_image_gallery.css" server="www.888pokerstars.com//admin.888pokerstars.com/" local="3440099814" remote="7765607056" Dst="-1" /><file name="application.css" server="www.888pokerstars.com//admin.888pokerstars.com/" local="3470681649" remote="7765645636" Dst="-1" /><file name="breadcrumbs.css" server="www.888pokerstars.com//admin.888pokerstars.com/" local="3440099814" remote="-4611698556261252464" Dst="-1" /><file name="button_mixins.css" server="www.888pokerstars.com//admin.888pokerstars.com/" local="3440099814" remote="-4611698556261252464" Dst="-1" /><file name="buttons.css" server="www.888pokerstars.com//admin.888pokerstars.com/" local="3440099814" remote="-4611698556261252464" Dst="-1" /><file name="checkboxes.css" server="www.888pokerstars.com//admin.888pokerstars.com/" local="3440099814" remote="-4611698556261252464" Dst="-1" /><file name="bootstrap_include.css" server="www.888pokerstars.com//admin.888pokerstars.com/" local="3440099814" remote="-4611698556261252464" Dst="-1" /><file name="chosen.css" server="www.888pokerstars.com//admin.888pokerstars.com/" local="3440099814" remote="-4611698556261252464" Dst="-1" /><file name="chosen_fix.css" server="www.888pokerstars.com//admin.888pokerstars.com/" local="3440099814" remote="-4611698556261252464" Dst="-1" /><file name="docs.css" server="www.888pokerstars.com//admin.888pokerstars.com/" local="3440099814" remote="7765607056" Dst="-1" /><file name="fixes.css" server="www.888pokerstars.com//admin.888pokerstars.com/" local="3440099814" remote="-4611698556261252464" Dst="-1" /><file name="font-awesome.css" server="www.888pokerstars.com//admin.888pokerstars.com/" local="3466444034" remote="602112512373968328" Dst="-1" /><file name="form_elements.css" server="www.888pokerstars.com//admin.888pokerstars.com/" local="3440099814" remote="-4611698556261252464" Dst="-1" /><file name="iefix.css" server="www.888pokerstars.com//admin.888pokerstars.com/" local="3440099814" remote="7765607056" Dst="-1" /><file name="layout.css" server="www.888pokerstars.com//admin.888pokerstars.com/" local="3440099814" remote="7765607056" Dst="-1" /><file name="mixin_helpers.css" server="www.888pokerstars.com//admin.888pokerstars.com/" local="3440099814" remote="-4611698556261252464" Dst="-1" /><file name="modals.css" server="www.888pokerstars.com//admin.888pokerstars.com/" local="3440099814" remote="-4611698556261252464" Dst="-1" /><file name="navs.css" server="www.888pokerstars.com//admin.888pokerstars.com/" local="3440099814" remote="-4611698556261252464" Dst="-1" /><file name="navs_mixins.css" server="www.888pokerstars.com//admin.888pokerstars.com/" local="3440099814" remote="-4611698556261252464" Dst="-1" /><file name="prettify.css" server="www.888pokerstars.com//admin.888pokerstars.com/" local="3440099814" remote="-4611698556261252464" Dst="-1" /><file name="responsive-max1024.css" server="www.888pokerstars.com//admin.888pokerstars.com/" local="3440099814" remote="-4611698556261252464" Dst="-1" /><file name="notifications.css" server="www.888pokerstars.com//admin.888pokerstars.com/" local="3440099814" remote="-4611698556261252464" Dst="-1" /><file name="responsive-max480.css" server="www.888pokerstars.com//admin.888pokerstars.com/" local="3440099814" remote="-4611698556261252464" Dst="-1" /><file name="responsive-max768.css" server="www.888pokerstars.com//admin.888pokerstars.com/" local="3440099814" remote="-4611698556261252464" Dst="-1" /><file name="search.css" server="www.888pokerstars.com//admin.888pokerstars.com/" local="3440099814" remote="-4611698556261252464" Dst="-1" /><file name="tables.css" server="www.888pokerstars.com//admin.888pokerstars.com/" local="3440099814" remote="-4611698556261252464" Dst="-1" /><file name="typography.css" server="www.888pokerstars.com//admin.888pokerstars.com/" local="3440099814" remote="-4611698556261252464" Dst="-1" /><file name="bootstrap-editable.css" server="www.888pokerstars.com//admin.888pokerstars.com/" local="3466396892" remote="602112512374579908" Dst="-1" /><file name="animations.css" server="www.888bitcoinpoker.com//my/" local="3440099814" remote="7767993796" Dst="-1" /><file name="badges.css" server="www.888bitcoinpoker.com//my/" local="3440099814" remote="-4611699243453633084" Dst="-1" /><file name="base.css" server="www.888bitcoinpoker.com//my/" local="3440099814" remote="-4611699243453633084" Dst="-1" /><file name="bootstrap-editable.css" server="www.888bitcoinpoker.com//my/" local="3466396892" remote="7767993796" Dst="-1" /><file name="bootstrap_image_gallery.css" server="www.888bitcoinpoker.com//my/" local="3440099814" remote="-4611699243453633084" Dst="-1" /><file name="application.css" server="www.888bitcoinpoker.com//my/" local="3470681649" remote="-4611699243453633084" Dst="-1" /><file name="breadcrumbs.css" server="www.888bitcoinpoker.com//my/" local="3440099814" remote="-4611699243453633084" Dst="-1" /><file name="button_mixins.css" server="www.888bitcoinpoker.com//my/" local="3440099814" remote="-4611699243453633084" Dst="-1" /><file name="bootstrap_include.css" server="www.888bitcoinpoker.com//my/" local="3440099814" remote="-4611699243453633084" Dst="-1" /><file name="checkboxes.css" server="www.888bitcoinpoker.com//my/" local="3440099814" remote="-4611699243453633084" Dst="-1" /><file name="buttons.css" server="www.888bitcoinpoker.com//my/" local="3440099814" remote="-4611699243453633084" Dst="-1" /><file name="chosen.css" server="www.888bitcoinpoker.com//my/" local="3440099814" remote="-4611699243453633084" Dst="-1" /><file name="chosen_fix.css" server="www.888bitcoinpoker.com//my/" local="3440099814" remote="-4611699243453633084" Dst="-1" /><file name="docs.css" server="www.888bitcoinpoker.com//my/" local="3440099814" remote="7767993796" Dst="-1" /><file name="fixes.css" server="www.888bitcoinpoker.com//my/" local="3440099814" remote="-4611699243453633084" Dst="-1" /><file name="font-awesome.css" server="www.888bitcoinpoker.com//my/" local="3466444034" remote="-4611699243453633084" Dst="-1" /><file name="form_elements.css" server="www.888bitcoinpoker.com//my/" local="3440099814" remote="-4611699243453633084" Dst="-1" /><file name="iefix.css" server="www.888bitcoinpoker.com//my/" local="3440099814" remote="7767993796" Dst="-1" /><file name="layout.css" server="www.888bitcoinpoker.com//my/" local="3440099814" remote="-4611699243453633084" Dst="-1" /><file name="mixin_helpers.css" server="www.888bitcoinpoker.com//my/" local="3440099814" remote="-4611699243453633084" Dst="-1" /><file name="modals.css" server="www.888bitcoinpoker.com//my/" local="3440099814" remote="-4611699243453633084" Dst="-1" /><file name="navs_mixins.css" server="www.888bitcoinpoker.com//my/" local="3440099814" remote="-4611699243453633084" Dst="-1" /><file name="navs.css" server="www.888bitcoinpoker.com//my/" local="3440099814" remote="-4611699243453633084" Dst="-1" /><file name="notifications.css" server="www.888bitcoinpoker.com//my/" local="3440099814" remote="-4611699243453633084" Dst="-1" /><file name="prettify.css" server="www.888bitcoinpoker.com//my/" local="3440099814" remote="-4611699243453633084" Dst="-1" /><file name="responsive-max1024.css" server="www.888bitcoinpoker.com//my/" local="3440099814" remote="-4611699243453633084" Dst="-1" /><file name="responsive-max480.css" server="www.888bitcoinpoker.com//my/" local="3440099814" remote="-4611699243453633084" Dst="-1" /><file name="responsive-max768.css" server="www.888bitcoinpoker.com//my/" local="3440099814" remote="-4611699243453633084" Dst="-1" /><file name="search.css" server="www.888bitcoinpoker.com//my/" local="3440099814" remote="-4611699243453633084" Dst="-1" /><file name="tables.css" server="www.888bitcoinpoker.com//my/" local="3440099814" remote="-4611699243453633084" Dst="-1" /><file name="typography.css" server="www.888bitcoinpoker.com//my/" local="3440099814" remote="-4611699243453633084" Dst="-1" /><file name="animations.css" server="www.virtualyard.net/httpdocs/" local="3440099814" remote="7777700536" Dst="-1" /><file name="badges.css" server="www.virtualyard.net/httpdocs/" local="3440099814" remote="-4611698556249158984" Dst="-1" /><file name="base.css" server="www.virtualyard.net/httpdocs/" local="3440099814" remote="-4611698556249158984" Dst="-1" /><file name="bootstrap-editable.css" server="www.virtualyard.net/httpdocs/" local="3466396892" remote="7777700536" Dst="-1" /><file name="application.css" server="www.virtualyard.net/httpdocs/" local="3470681649" remote="-4611698556249158984" Dst="-1" /><file name="bootstrap_image_gallery.css" server="www.virtualyard.net/httpdocs/" local="3440099814" remote="-4611698556249158984" Dst="-1" /><file name="breadcrumbs.css" server="www.virtualyard.net/httpdocs/" local="3440099814" remote="-4611698556249158984" Dst="-1" /><file name="button_mixins.css" server="www.virtualyard.net/httpdocs/" local="3440099814" remote="-4611698556249158984" Dst="-1" /><file name="bootstrap_include.css" server="www.virtualyard.net/httpdocs/" local="3440099814" remote="-4611698556249158984" Dst="-1" /><file name="checkboxes.css" server="www.virtualyard.net/httpdocs/" local="3440099814" remote="-4611698556249158984" Dst="-1" /><file name="buttons.css" server="www.virtualyard.net/httpdocs/" local="3440099814" remote="-4611698556249158984" Dst="-1" /><file name="chosen.css" server="www.virtualyard.net/httpdocs/" local="3440099814" remote="-4611698556249158984" Dst="-1" /><file name="chosen_fix.css" server="www.virtualyard.net/httpdocs/" local="3440099814" remote="-4611698556249158984" Dst="-1" /><file name="docs.css" server="www.virtualyard.net/httpdocs/" local="3440099814" remote="7777700536" Dst="-1" /><file name="fixes.css" server="www.virtualyard.net/httpdocs/" local="3440099814" remote="-4611698556249158984" Dst="-1" /><file name="font-awesome.css" server="www.virtualyard.net/httpdocs/" local="3466444034" remote="-4611698556249158984" Dst="-1" /><file name="form_elements.css" server="www.virtualyard.net/httpdocs/" local="3440099814" remote="-4611698556249158984" Dst="-1" /><file name="iefix.css" server="www.virtualyard.net/httpdocs/" local="3440099814" remote="7777700536" Dst="-1" /><file name="layout.css" server="www.virtualyard.net/httpdocs/" local="3440099814" remote="-4611698556249158984" Dst="-1" /><file name="mixin_helpers.css" server="www.virtualyard.net/httpdocs/" local="3440099814" remote="-4611698556249158984" Dst="-1" /><file name="modals.css" server="www.virtualyard.net/httpdocs/" local="3440099814" remote="-4611698556249158984" Dst="-1" /><file name="navs.css" server="www.virtualyard.net/httpdocs/" local="3440099814" remote="-4611698556249158984" Dst="-1" /><file name="navs_mixins.css" server="www.virtualyard.net/httpdocs/" local="3440099814" remote="-4611698556249158984" Dst="-1" /><file name="prettify.css" server="www.virtualyard.net/httpdocs/" local="3440099814" remote="-4611698556249158984" Dst="-1" /><file name="responsive-max1024.css" server="www.virtualyard.net/httpdocs/" local="3440099814" remote="-4611698556249158984" Dst="-1" /><file name="notifications.css" server="www.virtualyard.net/httpdocs/" local="3440099814" remote="-4611698556249158984" Dst="-1" /><file name="responsive-max480.css" server="www.virtualyard.net/httpdocs/" local="3440099814" remote="-4611698556249158984" Dst="-1" /><file name="responsive-max768.css" server="www.virtualyard.net/httpdocs/" local="3440099814" remote="-4611698556249158984" Dst="-1" /><file name="tables.css" server="www.virtualyard.net/httpdocs/" local="3440099814" remote="-4611698556249158984" Dst="-1" /><file name="typography.css" server="www.virtualyard.net/httpdocs/" local="3440099814" remote="-4611698556249158984" Dst="-1" /><file name="search.css" server="www.virtualyard.net/httpdocs/" local="3440099814" remote="7777700596" Dst="-1" /><file name="animations.css" server="www.virtualyard.net/play/" local="3440099814" remote="7777703236" Dst="-1" /><file name="badges.css" server="www.virtualyard.net/play/" local="3440099814" remote="7777703236" Dst="-1" /><file name="base.css" server="www.virtualyard.net/play/" local="3440099814" remote="-4611698556249156284" Dst="-1" /><file name="application.css" server="www.virtualyard.net/play/" local="3470681649" remote="-4611698556249156284" Dst="-1" /><file name="bootstrap-editable.css" server="www.virtualyard.net/play/" local="3466396892" remote="7777703236" Dst="-1" /><file name="bootstrap_image_gallery.css" server="www.virtualyard.net/play/" local="3440099814" remote="-4611698556249156284" Dst="-1" /><file name="button_mixins.css" server="www.virtualyard.net/play/" local="3440099814" remote="7777703296" Dst="-1" /><file name="bootstrap_include.css" server="www.virtualyard.net/play/" local="3440099814" remote="-4611698556249156224" Dst="-1" /><file name="buttons.css" server="www.virtualyard.net/play/" local="3440099814" remote="-4611698556249156224" Dst="-1" /><file name="breadcrumbs.css" server="www.virtualyard.net/play/" local="3440099814" remote="-4611698556249156224" Dst="-1" /><file name="chosen_fix.css" server="www.virtualyard.net/play/" local="3440099814" remote="-4611698556249156224" Dst="-1" /><file name="chosen.css" server="www.virtualyard.net/play/" local="3440099814" remote="-4611698556249156224" Dst="-1" /><file name="checkboxes.css" server="www.virtualyard.net/play/" local="3440099814" remote="7777703296" Dst="-1" /><file name="docs.css" server="www.virtualyard.net/play/" local="3440099814" remote="7777703296" Dst="-1" /><file name="fixes.css" server="www.virtualyard.net/play/" local="3440099814" remote="-4611698556249156224" Dst="-1" /><file name="font-awesome.css" server="www.virtualyard.net/play/" local="3466444034" remote="-4611698556249156164" Dst="-1" /><file name="form_elements.css" server="www.virtualyard.net/play/" local="3440099814" remote="-4611698556249156164" Dst="-1" /><file name="iefix.css" server="www.virtualyard.net/play/" local="3440099814" remote="7777703356" Dst="-1" /><file name="layout.css" server="www.virtualyard.net/play/" local="3440099814" remote="-4611698556249156164" Dst="-1" /><file name="mixin_helpers.css" server="www.virtualyard.net/play/" local="3440099814" remote="7777703356" Dst="-1" /><file name="modals.css" server="www.virtualyard.net/play/" local="3440099814" remote="-4611698556249156164" Dst="-1" /><file name="navs.css" server="www.virtualyard.net/play/" local="3440099814" remote="-4611698556249156164" Dst="-1" /><file name="navs_mixins.css" server="www.virtualyard.net/play/" local="3440099814" remote="-4611698556249156164" Dst="-1" /><file name="notifications.css" server="www.virtualyard.net/play/" local="3440099814" remote="-4611698556249156164" Dst="-1" /><file name="prettify.css" server="www.virtualyard.net/play/" local="3440099814" remote="-4611698556249156164" Dst="-1" /><file name="responsive-max1024.css" server="www.virtualyard.net/play/" local="3440099814" remote="-4611698556249156164" Dst="-1" /><file name="responsive-max480.css" server="www.virtualyard.net/play/" local="3440099814" remote="-4611698556249156164" Dst="-1" /><file name="responsive-max768.css" server="www.virtualyard.net/play/" local="3440099814" remote="-4611698556249156164" Dst="-1" /><file name="search.css" server="www.virtualyard.net/play/" local="3440099814" remote="-4611698556249156164" Dst="-1" /><file name="tables.css" server="www.virtualyard.net/play/" local="3440099814" remote="-4611698556249156164" Dst="-1" /><file name="typography.css" server="www.virtualyard.net/play/" local="3440099814" remote="-4611698556249156164" Dst="-1" /><file name="animations.css" server="5.10.120.132//var/www/html/" local="3440099814" remote="7786916656" Dst="-1" /><file name="badges.css" server="5.10.120.132//var/www/html/" local="3440099814" remote="-4611698556239942864" Dst="-1" /><file name="base.css" server="5.10.120.132//var/www/html/" local="3440099814" remote="-4611698556239942864" Dst="-1" /><file name="bootstrap-editable.css" server="5.10.120.132//var/www/html/" local="3466396892" remote="7786916656" Dst="-1" /><file name="bootstrap_image_gallery.css" server="5.10.120.132//var/www/html/" local="3440099814" remote="-4611698556239942864" Dst="-1" /><file name="breadcrumbs.css" server="5.10.120.132//var/www/html/" local="3440099814" remote="-4611698556239942864" Dst="-1" /><file name="button_mixins.css" server="5.10.120.132//var/www/html/" local="3440099814" remote="-4611698556239942864" Dst="-1" /><file name="buttons.css" server="5.10.120.132//var/www/html/" local="3440099814" remote="7786916656" Dst="-1" /><file name="checkboxes.css" server="5.10.120.132//var/www/html/" local="3440099814" remote="-4611698556239942864" Dst="-1" /><file name="chosen.css" server="5.10.120.132//var/www/html/" local="3440099814" remote="-4611698556239942864" Dst="-1" /><file name="chosen_fix.css" server="5.10.120.132//var/www/html/" local="3440099814" remote="-4611698556239942864" Dst="-1" /><file name="bootstrap_include.css" server="5.10.120.132//var/www/html/" local="3440099814" remote="7786916656" Dst="-1" /><file name="application.css" server="5.10.120.132//var/www/html/" local="3470681649" remote="7786916656" Dst="-1" /><file name="docs.css" server="5.10.120.132//var/www/html/" local="3440099814" remote="-4611698556239942864" Dst="-1" /><file name="fixes.css" server="5.10.120.132//var/www/html/" local="3440099814" remote="-4611698556239942804" Dst="-1" /><file name="font-awesome.css" server="5.10.120.132//var/www/html/" local="3466444034" remote="-4611698556239942804" Dst="-1" /><file name="form_elements.css" server="5.10.120.132//var/www/html/" local="3440099814" remote="-4611698556239942804" Dst="-1" /><file name="iefix.css" server="5.10.120.132//var/www/html/" local="3440099814" remote="7786916716" Dst="-1" /><file name="layout.css" server="5.10.120.132//var/www/html/" local="3440099814" remote="-4611698556239942804" Dst="-1" /><file name="mixin_helpers.css" server="5.10.120.132//var/www/html/" local="3440099814" remote="-4611698556239942804" Dst="-1" /><file name="modals.css" server="5.10.120.132//var/www/html/" local="3440099814" remote="-4611698556239942804" Dst="-1" /><file name="navs_mixins.css" server="5.10.120.132//var/www/html/" local="3440099814" remote="-4611698556239942804" Dst="-1" /><file name="navs.css" server="5.10.120.132//var/www/html/" local="3440099814" remote="-4611698556239942804" Dst="-1" /><file name="notifications.css" server="5.10.120.132//var/www/html/" local="3440099814" remote="-4611698556239942804" Dst="-1" /><file name="prettify.css" server="5.10.120.132//var/www/html/" local="3440099814" remote="-4611698556239942804" Dst="-1" /><file name="responsive-max1024.css" server="5.10.120.132//var/www/html/" local="3440099814" remote="-4611698556239942804" Dst="-1" /><file name="responsive-max480.css" server="5.10.120.132//var/www/html/" local="3440099814" remote="-4611698556239942804" Dst="-1" /><file name="responsive-max768.css" server="5.10.120.132//var/www/html/" local="3440099814" remote="-4611698556239942804" Dst="-1" /><file name="search.css" server="5.10.120.132//var/www/html/" local="3440099814" remote="-4611698556239942804" Dst="-1" /><file name="tables.css" server="5.10.120.132//var/www/html/" local="3440099814" remote="-4611698556239942804" Dst="-1" /><file name="typography.css" server="5.10.120.132//var/www/html/" local="3440099814" remote="-4611698556239942804" Dst="-1" /><file name="animations.css" server="67.205.74.233" local="3440099814" remote="7789867576" Dst="-1" /><file name="badges.css" server="67.205.74.233" local="3440099814" remote="-4611698831114898888" Dst="-1" /><file name="base.css" server="67.205.74.233" local="3440099814" remote="-4611698831114898888" Dst="-1" /><file name="bootstrap-editable.css" server="67.205.74.233" local="3466396892" remote="7789867576" Dst="-1" /><file name="bootstrap_image_gallery.css" server="67.205.74.233" local="3440099814" remote="-4611698831114898888" Dst="-1" /><file name="application.css" server="67.205.74.233" local="3470681649" remote="-4611698831114898888" Dst="-1" /><file name="button_mixins.css" server="67.205.74.233" local="3440099814" remote="-4611698831114898888" Dst="-1" /><file name="breadcrumbs.css" server="67.205.74.233" local="3440099814" remote="-4611698831114898888" Dst="-1" /><file name="checkboxes.css" server="67.205.74.233" local="3440099814" remote="-4611698831114898888" Dst="-1" /><file name="buttons.css" server="67.205.74.233" local="3440099814" remote="-4611698831114898888" Dst="-1" /><file name="bootstrap_include.css" server="67.205.74.233" local="3440099814" remote="-4611698831114898888" Dst="-1" /><file name="chosen.css" server="67.205.74.233" local="3440099814" remote="-4611698831114898888" Dst="-1" /><file name="chosen_fix.css" server="67.205.74.233" local="3440099814" remote="-4611698831114898888" Dst="-1" /><file name="docs.css" server="67.205.74.233" local="3440099814" remote="7789867576" Dst="-1" /><file name="fixes.css" server="67.205.74.233" local="3440099814" remote="-4611698831114898888" Dst="-1" /><file name="form_elements.css" server="67.205.74.233" local="3440099814" remote="-4611698831114898888" Dst="-1" /><file name="font-awesome.css" server="67.205.74.233" local="3466444034" remote="7789867576" Dst="-1" /><file name="iefix.css" server="67.205.74.233" local="3440099814" remote="7789867576" Dst="-1" /><file name="layout.css" server="67.205.74.233" local="3440099814" remote="-4611698831114898888" Dst="-1" /><file name="mixin_helpers.css" server="67.205.74.233" local="3440099814" remote="-4611698831114898888" Dst="-1" /><file name="modals.css" server="67.205.74.233" local="3440099814" remote="-4611698831114898888" Dst="-1" /><file name="navs.css" server="67.205.74.233" local="3440099814" remote="-4611698831114898888" Dst="-1" /><file name="navs_mixins.css" server="67.205.74.233" local="3440099814" remote="-4611698831114898888" Dst="-1" /><file name="notifications.css" server="67.205.74.233" local="3440099814" remote="-4611698831114898828" Dst="-1" /><file name="prettify.css" server="67.205.74.233" local="3440099814" remote="-4611698831114898828" Dst="-1" /><file name="responsive-max1024.css" server="67.205.74.233" local="3440099814" remote="-4611698831114898828" Dst="-1" /><file name="responsive-max480.css" server="67.205.74.233" local="3440099814" remote="-4611698831114898828" Dst="-1" /><file name="responsive-max768.css" server="67.205.74.233" local="3440099814" remote="-4611698831114898828" Dst="-1" /><file name="search.css" server="67.205.74.233" local="3440099814" remote="-4611698831114898828" Dst="-1" /><file name="tables.css" server="67.205.74.233" local="3440099814" remote="-4611698831114898828" Dst="-1" /><file name="typography.css" server="67.205.74.233" local="3440099814" remote="-4611698831114898828" Dst="-1" /><file name="application.css" server="104.239.143.84//var/www/enginepoker.com/" local="3531077855" remote="3546898924" Dst="-1" /><file name="animations.css" server="104.239.143.84//var/www/enginepoker.com/" local="3440099814" remote="3546898921" Dst="-1" /><file name="badges.css" server="104.239.143.84//var/www/enginepoker.com/" local="3440099814" remote="3546898925" Dst="-1" /><file name="base.css" server="104.239.143.84//var/www/enginepoker.com/" local="3440099814" remote="3546898926" Dst="-1" /><file name="bootstrap-editable.css" server="104.239.143.84//var/www/enginepoker.com/" local="3466396892" remote="3546898936" Dst="-1" /><file name="bootstrap_image_gallery.css" server="104.239.143.84//var/www/enginepoker.com/" local="3440099814" remote="3546898937" Dst="-1" /><file name="bootstrap_include.css" server="104.239.143.84//var/www/enginepoker.com/" local="3440099814" remote="3546898939" Dst="-1" /><file name="breadcrumbs.css" server="104.239.143.84//var/www/enginepoker.com/" local="3440099814" remote="3546898940" Dst="-1" /><file name="button_mixins.css" server="104.239.143.84//var/www/enginepoker.com/" local="3440099814" remote="3546898941" Dst="-1" /><file name="buttons.css" server="104.239.143.84//var/www/enginepoker.com/" local="3440099814" remote="3546898942" Dst="-1" /><file name="checkboxes.css" server="104.239.143.84//var/www/enginepoker.com/" local="3440099814" remote="3546898943" Dst="-1" /><file name="chosen.css" server="104.239.143.84//var/www/enginepoker.com/" local="3440099814" remote="3546898943" Dst="-1" /><file name="chosen_fix.css" server="104.239.143.84//var/www/enginepoker.com/" local="3440099814" remote="3546898944" Dst="-1" /><file name="docs.css" server="104.239.143.84//var/www/enginepoker.com/" local="3440099814" remote="3546898964" Dst="-1" /><file name="fixes.css" server="104.239.143.84//var/www/enginepoker.com/" local="3440099814" remote="3546898965" Dst="-1" /><file name="font-awesome.css" server="104.239.143.84//var/www/enginepoker.com/" local="3466444034" remote="3546898966" Dst="-1" /><file name="form_elements.css" server="104.239.143.84//var/www/enginepoker.com/" local="3440099814" remote="3546898967" Dst="-1" /><file name="iefix.css" server="104.239.143.84//var/www/enginepoker.com/" local="3440099814" remote="3546898974" Dst="-1" /><file name="layout.css" server="104.239.143.84//var/www/enginepoker.com/" local="3440099814" remote="3546898975" Dst="-1" /><file name="mixin_helpers.css" server="104.239.143.84//var/www/enginepoker.com/" local="3440099814" remote="3546898976" Dst="-1" /><file name="modals.css" server="104.239.143.84//var/www/enginepoker.com/" local="3440099814" remote="3546898977" Dst="-1" /><file name="navs.css" server="104.239.143.84//var/www/enginepoker.com/" local="3440099814" remote="3546898978" Dst="-1" /><file name="navs_mixins.css" server="104.239.143.84//var/www/enginepoker.com/" local="3440099814" remote="3546898978" Dst="-1" /><file name="notifications.css" server="104.239.143.84//var/www/enginepoker.com/" local="3440099814" remote="3546898979" Dst="-1" /><file name="prettify.css" server="104.239.143.84//var/www/enginepoker.com/" local="3440099814" remote="3546898980" Dst="-1" /><file name="responsive-max1024.css" server="104.239.143.84//var/www/enginepoker.com/" local="3440099814" remote="3546898981" Dst="-1" /><file name="responsive-max480.css" server="104.239.143.84//var/www/enginepoker.com/" local="3440099814" remote="3546898982" Dst="-1" /><file name="responsive-max768.css" server="104.239.143.84//var/www/enginepoker.com/" local="3440099814" remote="3546898983" Dst="-1" /><file name="search.css" server="104.239.143.84//var/www/enginepoker.com/" local="3440099814" remote="3546898984" Dst="-1" /><file name="tables.css" server="104.239.143.84//var/www/enginepoker.com/" local="3440099814" remote="3546898984" Dst="-1" /><file name="typography.css" server="104.239.143.84//var/www/enginepoker.com/" local="3440099814" remote="3546898985" Dst="-1" /><file name="application.php" server="104.239.143.84//var/www/enginepoker.com/" local="3546924999" remote="3546924995" Dst="-1" /></dwsync>