<?xml version="1.0"?>
<main_asset>
        
    
    <general name="lobby_general_img">
        <type>Image</type>
        <link>https://aws-asta-s3-01.s3-ap-southeast-1.amazonaws.com/unity-asset/Lobby/IOS/GLOBAL/</link>
        <ver>0.0.1</ver>
    </general>
    <bgt name="bgt_lobby_img">
<type>Image</type>
<link>
https://aws-asta-s3-01.s3-ap-southeast-1.amazonaws.com/unity-asset/Lobby/IOS/BGT/
</link>
<ver>0.0.1</ver>
</bgt>
<bgt name="bgt_game_img">
<type>Image</type>
<link>
https://aws-asta-s3-01.s3-ap-southeast-1.amazonaws.com/unity-asset/BGT/IOS/
</link>
<ver>0.0.1</ver>
</bgt>
<bgt name="bgt_game_audio">
<type>Audio</type>
<link>
https://aws-asta-s3-01.s3-ap-southeast-1.amazonaws.com/unity-asset/BGT/IOS/
</link>
<ver>0.0.1</ver>
</bgt>
<dmq name="dmq_lobby_img">
<type>Image</type>
<link>
https://aws-asta-s3-01.s3-ap-southeast-1.amazonaws.com/unity-asset/Lobby/IOS/DMQ/
</link>
<ver>0.0.1</ver>
</dmq>
<dmq name="dmq_game_img">
<type>Image</type>
<link>
https://aws-asta-s3-01.s3-ap-southeast-1.amazonaws.com/unity-asset/DMQ/IOS/
</link>
<ver>0.0.2</ver>
</dmq>
<dmq name="dmq_game_audio">
<type>Audio</type>
<link>
https://aws-asta-s3-01.s3-ap-southeast-1.amazonaws.com/unity-asset/DMQ/IOS/
</link>
<ver>0.0.1</ver>
</dmq>
<dms name="dms_lobby_img">
    <type>Image</type>
    <link>https://aws-asta-s3-01.s3-ap-southeast-1.amazonaws.com/unity-asset/Lobby/IOS/DMS/</link>
    <ver>0.0.1</ver>
</dms>
<dms name="dms_game_img">
    <type>Image</type>
    <link>https://aws-asta-s3-01.s3-ap-southeast-1.amazonaws.com/unity-asset/DMS/IOS/</link>
    <ver>0.0.1</ver>
</dms>
<dms name="dms_game_audio">
    <type>Audio</type>
    <link>https://aws-asta-s3-01.s3-ap-southeast-1.amazonaws.com/unity-asset/DMS/IOS/</link>
    <ver>0.0.1</ver>
</dms>
<tpk name="tpk_lobby_img">
    <type>Image</type>
    <link>https://aws-asta-s3-01.s3-ap-southeast-1.amazonaws.com/unity-asset/Lobby/IOS/TPK/</link>
    <ver>0.0.1</ver>
</tpk>
<tpk name="tpk_game_img">
    <type>Image</type>
    <link>
    https://aws-asta-s3-01.s3-ap-southeast-1.amazonaws.com/unity-asset/TPK/IOS/</link>
    <ver>0.0.1</ver>
</tpk>
<tpk name="tpk_game_audio">
    <type>Audio</type>
    <link>https://aws-asta-s3-01.s3-ap-southeast-1.amazonaws.com/unity-asset/TPK/IOS/</link>
    <ver>0.0.1</ver>
</tpk>


</main_asset>
