<?xml version="1.0" encoding="utf-8" ?><dwsync><file name="fullcalendar.css" server="www.888pokerstars.com//admin.888pokerstars.com/" local="3440099814" remote="7765607056" Dst="-1" /><file name="fullcalendar.print.css" server="www.888pokerstars.com//admin.888pokerstars.com/" local="3440099814" remote="7765607056" Dst="-1" /><file name="fullcalendar.css" server="www.888bitcoinpoker.com//my/" local="3440099814" remote="7767993796" Dst="-1" /><file name="fullcalendar.print.css" server="www.888bitcoinpoker.com//my/" local="3440099814" remote="-4611699243453633084" Dst="-1" /><file name="fullcalendar.css" server="www.virtualyard.net/httpdocs/" local="3440099814" remote="7777700536" Dst="-1" /><file name="fullcalendar.print.css" server="www.virtualyard.net/httpdocs/" local="3440099814" remote="-4611698556249158984" Dst="-1" /><file name="fullcalendar.css" server="www.virtualyard.net/play/" local="3440099814" remote="7777703356" Dst="-1" /><file name="fullcalendar.print.css" server="www.virtualyard.net/play/" local="3440099814" remote="7777703356" Dst="-1" /><file name="fullcalendar.css" server="5.10.120.132//var/www/html/" local="3440099814" remote="7786916716" Dst="-1" /><file name="fullcalendar.print.css" server="5.10.120.132//var/www/html/" local="3440099814" remote="-4611698556239942804" Dst="-1" /><file name="fullcalendar.css" server="67.205.74.233" local="3440099814" remote="7789867576" Dst="-1" /><file name="fullcalendar.print.css" server="67.205.74.233" local="3440099814" remote="7789867576" Dst="-1" /><file name="fullcalendar.css" server="104.239.143.84//var/www/enginepoker.com/" local="3440099814" remote="3546898970" Dst="-1" /><file name="fullcalendar.print.css" server="104.239.143.84//var/www/enginepoker.com/" local="3440099814" remote="3546898971" Dst="-1" /></dwsync>