<?xml version="1.0" encoding="utf-8" ?><dwsync><file name="gcal.js" server="www.888pokerstars.com//admin.888pokerstars.com/" local="3440099810" remote="7765606996" Dst="-1" /><file name="fullcalendar.js" server="www.888pokerstars.com//admin.888pokerstars.com/" local="3440099810" remote="7765606996" Dst="-1" /><file name="fullcalendar.js" server="www.888bitcoinpoker.com//my/" local="3440099810" remote="7767993736" Dst="-1" /><file name="gcal.js" server="www.888bitcoinpoker.com//my/" local="3440099810" remote="-4611699243453633144" Dst="-1" /><file name="fullcalendar.js" server="www.virtualyard.net/httpdocs/" local="3440099810" remote="7777700536" Dst="-1" /><file name="gcal.js" server="www.virtualyard.net/httpdocs/" local="3440099810" remote="-4611698556249158984" Dst="-1" /><file name="fullcalendar.js" server="www.virtualyard.net/play/" local="3440099810" remote="7777703116" Dst="-1" /><file name="gcal.js" server="www.virtualyard.net/play/" local="3440099810" remote="7777703176" Dst="-1" /><file name="gcal.js" server="5.10.120.132//var/www/html/" local="3440099810" remote="7786916476" Dst="-1" /><file name="fullcalendar.js" server="5.10.120.132//var/www/html/" local="3440099810" remote="7786916476" Dst="-1" /><file name="fullcalendar.js" server="67.205.74.233" local="3440099810" remote="7789867336" Dst="-1" /><file name="gcal.js" server="67.205.74.233" local="3440099810" remote="-4611698831114899128" Dst="-1" /><file name="fullcalendar.js" server="104.239.143.84//var/www/enginepoker.com/" local="3440099810" remote="3546898714" Dst="-1" /><file name="gcal.js" server="104.239.143.84//var/www/enginepoker.com/" local="3440099810" remote="3546898715" Dst="-1" /></dwsync>